Workbook

Sheet Basic Prices
A1: BASIC PRICES
A4: Trade | B4: Materials | E4: Labour | H4: Plant
B5: Description | C5: Unit | D5: Basic Price | E5: Description | F5: Unit | G5: Basic Price | H5: Description | I5: Unit | J5: Basic Price
A6: EXCAVATION | B6: Dry hard earth with transport cost | C6: cube. | E6: Skilled | F6: day | G6: 2500 | H6: Tractor
A7: EXCAVATION | B7: Quarry dust with transport cost | C7: cube.
A8: EXCAVATION | B8: 1 1/2" thick plank (class 11) | C8: S. ft | E8: Un skilled | F8: day | G8: 2000
A9: EXCAVATION | B9: 2" x 4" joist (class 11) | C9: L. ft
A10: EXCAVATION | B10: 2" x 6" joist (class 11) | C10: L. ft
A11: EXCAVATION | B11: Wire nails | C11: kg.
A12: CONCRETE | B12: Cement | C12: bag | D12: 1850 | E12: Skilled Labour | F12: day | G12: 2500 | H12: Concrete Mixer | J12: 2000
A13: CONCRETE | B13: Sand | C13: cube. | D13: 15000 | E13: Un Skilled Labour | F13: day | G13: 2000 | H13: Vibrator | J13: 1500
A14: CONCRETE | B14: Metal 3/4 " | C14: cube. | D14: 12000 | E14: Vibrator Operator | F14: day | G14: 2000
A15: CONCRETE | B15: Metal 1 " | C15: cube. | E15: Concrete Mixer operator | F15: day | G15: 2000
A16: CONCRETE | B16: Metal 2 " | C16: cube.
A17: CONCRETE | B17: Water | C17: gal.
A18: FORM WORK | B18: 1" thick plank class 11 | C18: S. ft | E18: Skilled Labour | F18: day | G18: =$G$6 -> 2500
A19: FORM WORK | B19: 2 " x 4 " class 11 | C19: L. ft | E19: Un Skilled Labour | F19: day | G19: =$G$8 -> 2000
A20: FORM WORK | B20: 2 " x 2 " class 11 | C20: L. ft
A21: FORM WORK | B21: 2 " x 1 " class 11 | C21: L. ft
A22: FORM WORK | B22: Wire nails | C22: kg.
A23: FORM WORK | B23: Mould oil | C23: ltr
A24: FORM WORK | B24: 16mm bolt | C24: Nr
A25: REINFORCEMENT | B25: Tor Steel | E25: Skilled labour | F25: day | G25: 700
A26: REINFORCEMENT | B26: 25mm | C26: kg. | E26: Un skilled labour | F26: day | G26: 450
A27: REINFORCEMENT | B27: 20mm | C27: kg.
A28: REINFORCEMENT | B28: 16mm | C28: kg.
A29: REINFORCEMENT | B29: 12mm | C29: kg.
A30: REINFORCEMENT | B30: 10mm | C30: kg.
A31: REINFORCEMENT | B31: binding wire | C31: kg.
A32: REINFORCEMENT | B32: Mild steel
A33: REINFORCEMENT | B33: 10mm | C33: kg.
A34: REINFORCEMENT | B34: 6mm | C34: kg.
A35: RUBBLE & CEMENT BLOCKS | B35: Rubble | C35: cube. | D35: 5000 | E35: Skilled labour | F35: day | G35: 2500
A36: RUBBLE & CEMENT BLOCKS | B36: cement | C36: bag | D36: 1850 | E36: Un skilled labour | F36: day | G36: 2000
A37: RUBBLE & CEMENT BLOCKS | B37: sand | C37: cube. | D37: 15000
A38: RUBBLE & CEMENT BLOCKS | B38: water | C38: gal.
A39: RUBBLE & CEMENT BLOCKS | B39: 8" thick cemrnt hollow block | C39: Nr
A40: RUBBLE & CEMENT BLOCKS | B40: 6" thick cemrnt hollow block | C40: Nr | D40: 65
A41: RUBBLE & CEMENT BLOCKS | B41: 4" hick cemrnt hollow block | C41: Nr
A42: BRICK WORK | B42: Cement | C42: bag | D42: 1850 | E42: Skilled Labour | F42: day | G42: 2500
A43: BRICK WORK | B43: Sand | C43: cube. | D43: 15000 | E43: Un Skilled Labour | F43: day | G43: 2000
A44: BRICK WORK | B44: Water | C44: gal.
A45: BRICK WORK | B45: Bricks | C45: Nr | D45: 25
A46: WATER PROOFING | B46: Cement | C46: bag | D46: 1850 | E46: Skilled Labour | F46: day | G46: 2500
A47: WATER PROOFING | B47: Sand | C47: cube. | D47: 15000 | E47: Un Skilled Labour | F47: day | G47: 2000
A48: WATER PROOFING | B48: DPC tar | C48: ltr
A49: DOORS & WINDOWS | B49: 4" X 3" Class 1 timber | C49: L. ft. | E49: Painter | F49: day | G49: =$G$6 -> 2500
A50: DOORS & WINDOWS | B50: 4" X 2" Class 1 timber | C50: L. ft. | E50: Carpenter | F50: day | G50: =$G$6 -> 2500
A51: DOORS & WINDOWS | B51: 11/4 thick plank | C51: s. ft. | E51: Skilled labour | F51: day | G51: =$G$6 -> 2500
A52: DOORS & WINDOWS | B52: Ply wood door sash size 3' 0" x 6' 9" | C52: Nr | E52: Un skilled labour | F52: day | G52: =$G$8 -> 2000
A53: DOORS & WINDOWS | B53: 1" thick plank 6" wide | C53: L. ft.
A54: DOORS & WINDOWS | B54: 5mm.glaze sheet. | C54: s. ft.
A55: DOORS & WINDOWS | B55: 4" Brush | C55: Nr
A56: DOORS & WINDOWS | B56: Sand paper | C56: Nr
A57: DOORS & WINDOWS | B57: Wood primer | C57: ltr.
A58: DOORS & WINDOWS | B58: Enamel paint | C58: ltr.
A59: DOORS & WINDOWS | B59: 4" x 3" Butt hinges | C59: pair.
A60: DOORS & WINDOWS | B60: 4" x 2" Butt hinges | C60: pair.
A61: DOORS & WINDOWS | B61: 3/4" brass screws | C61: Nr | D61: 7
A62: DOORS & WINDOWS | B62: 1/2" brass screws | C62: Nr
A63: DOORS & WINDOWS | B63: 6" long barrel bolt | C63: Nr | D63: 500
A64: DOORS & WINDOWS | B64: 12" long barrel bolt | C64: Nr | D64: 940
A65: DOORS & WINDOWS | B65: Mortice lock | C65: Nr
A66: DOORS & WINDOWS | B66: Hold fast | C66: Nr
A67: DOORS & WINDOWS | B67: casement fastner | C67: Nr
A68: DOORS & WINDOWS | B68: casement stay | C68: Nr
A69: ROOF | B69: 1" thick Ginisapu plank | C69: s. ft. | E69: Skilled Labour | F69: day | G69: =$G$6 -> 2500
A70: ROOF | B70: 3/4" thick Ginisapu plank | C70: s. ft. | E70: Un Skilled Labour | F70: day | G70: =$G$8 -> 2000
A71: ROOF | B71: Class 1 timber | C71: c. ft.
A72: ROOF | B72: Calicut tile | C72: Nr
A73: ROOF | B73: Calicut pattern ridge tile | C73: Nr
A74: ROOF | B74: Half round tile | C74: Nr
A75: ROOF | B75: Asbestos roofing sheet | C75: s. ft.
A76: ROOF | B76: Reepers 2" x 1" | C76: l. ft.
A77: ROOF | B77: Wire nails | C77: kg.
A78: ROOF | B78: Colouring powder | C78: kg.
A79: ROOF | B79: Cement | C79: bag
A80: ROOF | B80: Sand | C80: cube
A81: ROOF | B81: Lime | C81: kg.
A82: ROOF | B82: " J " bolt | C82: Nr
... A89: ROOF | B89: Brass screws 11/2 | C89: Nr
A90: FLOOR | B90: Lime | C90: kg. | E90: Skilled Labour | F90: per day | G90: =$G$6 -> 2500
A91: FLOOR | B91: Cement | C91: cube. | D91: 1850 | E91: Un Skilled Labour | F91: per day | G91: =$G$8 -> 2000
A92: FLOOR | B92: Sand | C92: cube. | D92: 15000
A93: FLOOR | B93: water | C93: gall.
A94: FLOOR | B94: Bricks | C94: Nr | D94: 25
A95: FLOOR | B95: Floor tile 6" x 6" | C95: Nr
A96: FLOOR | B96: Flor tile 8" x 8" | C96: Nr
A97: FLOOR | B97: Floor tile 12" x 12" | C97: Nr
A98: FLOOR | B98: Tile grout | C98: kg.
A99: WALL | B99: Cement | C99: bag | D99: 1850 | E99: Skilled Labour | F99: per day | G99: =$G$6 -> 2500
A100: WALL | B100: Sand | C100: cube | D100: 15000 | E100: Un Skilled Labour | F100: per day | G100: =$G$8 -> 2000
A101: WALL | B101: Lime | C101: kg.
A102: WALL | B102: water | C102: gal
A103: WALL | B103: Wall tile 6" x 6" | C103: Nr
A104: WALL | B104: Wall tile 8" x 12" | C104: Nr
A105: WALL | B105: Wall tile 8" x 8" | C105: Nr
A106: WALL | B106: Tile grout | C106: kg.
A107: CEILING | B107: Cement | C107: bag | D107: 2750 | E107: Skilled Labour | F107: per day | G107: 3000
A108: CEILING | B108: Sand | C108: cube | D108: 20000 | E108: Un Skilled Labour | F108: per day | G108: =$G$8 -> 2000
...

Sheet Basic Rates
A1: Basic Prices
A2: MATERIALS | F2: LABOUR | K2: PLANT
A3: Item No. | B3: Description | C3: Code No. | D3: Unit | E3: Price ( Rs.) | F3: Item No. | G3: Description | H3: Code No. | I3: Unit | J3: Price ( Rs.) | K3: Item No. | L3: Description | M3: Code No. | N3: Unit | O3: Price ( Rs.)
A4: 1 | B4: Acid | C4: M-001 | D4: Gal | E4: 254 | F4: 1 | G4: Painter | H4: L-001 | I4: Day | J4: 4000 | K4: 1 | L4: Hire of Mixer | M4: P-001 | N4: Day | O4: 5000
A5: 2 | B5: Anti Corrosive Primer | C5: M-002 | D5: litre | E5: 4180 | F5: 2 | G5: Plumber | H5: L-002 | I5: Day | J5: 3500 | K5: 2 | L5: Hire of Vibrator | M5: P-002 | N5: Day | O5: 2500
A6: 3 | B6: Asbestos Corrugated Sheet | C6: M-003 | D6: Sq.ft | E6: 26 | F6: 3 | G6: SK Labour | H6: L-003 | I6: Day | J6: 3500 | K6: 3 | L6: Vibrating Rammer | M6: P-003 | N6: Day | O6: 3000
A7: 4 | B7: Barrel Bolt | C7: M-004 | D7: No | E7: 75 | F7: 4 | G7: SK Labour (Vibrator) | H7: L-004 | I7: Day | J7: 3500
A8: 5 | B8: Binding Wire - 16 BW | C8: M-005 | D8: Lbs | E8: 560 | F8: 5 | G8: Tinker | H8: L-005 | I8: Day | J8: 3500
A9: 6 | B9: Bitumen | C9: M-006 | D9: Gal | E9: 80 | F9: 6 | G9: Tiler | H9: L-006 | I9: Day | J9: 4000
A10: 7 | B10: Blasting Powder | C10: M-007 | D10: Lbs | E10: 200 | F10: 7 | G10: U / SK Labourer | H10: L-007 | I10: Day | J10: 2300
A11: 8 | B11: Blue | C11: M-008 | D11: Ozs | E11: 10 | F11: 8 | G11: Carpenter | H11: L-008 | I11: Day | J11: 3500
A12: 9 | B12: Boild Lime | C12: M-009 | D12: Cwt | E12: 300 | F12: 9 | G12: Mason | H12: L-009 | I12: Day | J12: 3500
A13: 10 | B13: Bolts 16mm 18" | C13: M-010 | D13: No | E13: 75 | F13: 10 | G13: Glazier | H13: L-010 | I13: Day | J13: 2000
A14: 11 | B14: Brass Fanlight Chtches | C14: M-011 | D14: No | E14: 45
A15: 12 | B15: Brass Nails - 1 1/2" | C15: M-012 | D15: Lbs | E15: 50
A16: 13 | B16: Brass Pannel Pins | C16: M-013 | D16: Doz | E16: 1
A17: 14 | B17: Brass scews - 1" | C17: M-014 | D17: No | E17: 2.5
A18: 15 | B18: Brass Screws 1 1/2" | C18: M-015 | D18: No | E18: 3.75
A19: 16 | B19: Brass Screws - 1/2 " | C19: M-016 | D19: No | E19: 1.3
A20: 17 | B20: Brass Screws - 3/4" | C20: M-017 | D20: No | E20: 7
A21: 18 | B21: Brass Screws - 4" Long | C21: M-018 | D21: No | E21: 7.5
A22: 19 | B22: Bricks | C22: M-019 | D22: No | E22: 20
A23: 20 | B23: Brush - 3" | C23: M-020 | D23: No | E23: 1200
A24: 21 | B24: Brush - 6" | C24: M-021 | D24: No | E24: 2350
A25: 22 | B25: Brush 2" | C25: M-022 | D25: No | E25: 900
... A56: 53 | B56: Gravel delivered to site | C56: M-053 | D56: Cube | E56: 2000
A57: 54 | B57: Gutter Brackets | C57: M-054 | D57: No
A58: 55 | B58: Gutter joiner | C58: M-055 | D58: No
A59: 56 | B59: Half Round Clay Tiles | C59: M-056 | D59: No | E59: 5
A60: 57 | B60: Hollow Cement Block - 8" thk. | C60: M-057 | D60: No | E60: 180
A61: 58 | B61: Hollow Cement Blocks - 4" thk. | C61: M-058 | D61: No | E61: 100
A62: 59 | B62: Hollow Cement Blocks - 6" thk. | C62: M-059 | D62: No | E62: 160
A63: 60 | B63: Iron Nails - 1 1/2 | C63: M-060 | D63: Kg. | E63: 25
A64: 61 | B64: Iron Screws - 3/4" | C64: M-061 | D64: No | E64: 0.55
A65: 62 | B65: Jumper Steel | C65: M-062 | D65: Lbs | E65: 65
A66: 63 | B66: Jute Hessian | C66: M-063 | D66: Sq.ft | E66: 3.5
A67: 64 | B67: Metal - 1 " | C67: M-064 | D67: Cube | E67: 12000
A68: 65 | B68: Metal - 1 1/2 " | C68: M-065 | D68: Cube | E68: 9000
A69: 66 | B69: Metal - 3/4 " | C69: M-066 | D69: Cube | E69: 15000
A70: 67 | B70: Mild Steel Dowels - 5/8" , 4" Long. | C70: M-067 | D70: No | E70: 6
... A80: 77 | B80: PVC Sockets - 1" | C80: M-077 | D80: No | E80: 14
A81: 78 | B81: PVC down pipes - 12' length | C81: M-078 | D81: No
A82: 79 | B82: PVC elbow - for rainwater down pipes. | C82: M-079 | D82: No
A83: 80 | B83: PVC Elbows / Bent / Socket - 1 1/2" | C83: M-080 | D83: No | E83: 69
A84: 81 | B84: PVC Elbows / Bent / Socket - 1 1/4" | C84: M-081 | D84: No | E84: 42
A85: 82 | B85: PVC Elbows / Bent / Socket - 1" | C85: M-082 | D85: No | E85: 90
A86: 83 | B86: PVC Elbows / Bent / Socket - 1/2" | C86: M-083 | D86: No | E86: 50
A87: 84 | B87: PVC Elbows / Bent / Socket - 2 1/2" | C87: M-084 | D87: No | E87: 350
A88: 85 | B88: PVC Elbows / Bent / Socket - 2" | C88: M-085 | D88: No | E88: 320
A89: 86 | B89: PVC Elbows / Bent / Socket - 3" | C89: M-086 | D89: No | E89: 580
A90: 87 | B90: PVC End cap | C90: M-087 | D90: No
A91: 88 | B91: PVC gutter - 12' length | C91: M-088 | D91: No
A92: 89 | B92: PVC gutter head - 6" | C92: M-089 | D92: No
A93: 90 | B93: PVC joiner - 3 1/2" | C93: M-090 | D93: No
A94: 91 | B94: PVC mitre bend 6" dia | C94: M-091 | D94: No
A95: 92 | B95: PVC Pipes - 1 1/2" | C95: M-092 | D95: L.ft | E95: 46
A96: 93 | B96: PVC Pipes - 1 1/4" | C96: M-093 | D96: L.ft | E96: 32
A97: 94 | B97: PVC Pipes - 1" | C97: M-094 | D97: L.ft | E97: 21
A98: 95 | B98: PVC Pipes - 1/2" | C98: M-095 | D98: L.ft | E98: 7.5
A99: 96 | B99: PVC Pipes - 2" | C99: M-096 | D99: L.ft | E99: 79
A100: 97 | B100: PVC Pipes - 3" | C100: M-097 | D100: L.ft | E100: 185
A101: 98 | B101: PVC Pipes - 3/4" | C101: M-098 | D101: L.ft | E101: 14
A102: 99 | B102: PVC Shoe | C102: M-099 | D102: No
A103: 100 | B103: PVC Sockets - 1 1/2" | C103: M-100 | D103: No | E103: 160
A104: 101 | B104: PVC Sockets - 1 1/4" | C104: M-101 | D104: No | E104: 19.5
A105: 102 | B105: PVC Sockets - 2" | C105: M-102 | D105: No | E105: 48
A106: 103 | B106: PVC Sockets - 3" | C106: M-103 | D106: No | E106: 192
A107: 104 | B107: PVC Straps | C107: M-104 | D107: No
A108: 105 | B108: Ridge Tiles (calicut) | C108: M-105 | D108: No | E108: 35
A109: 106 | B109: Ridges 3' 8" Long (Asbestos) | C109: M-106 | D109: Pair | E109: 245
A110: 107 | B110: Rim Lock with Screws | C110: M-107 | D110: No | E110: 500
A111: 108 | B111: Roof tiles - calicut | C111: M-108 | D111: No | E111: 16
A112: 109 | B112: Roofing Screws and Washers | C112: M-109 | D112: No | E112: 3.5
A113: 110 | B113: Roofing Screws or Bolts | C113: M-110 | D113: No | E113: 3.5
A114: 111 | B114: Rubble - 6" - 9" | C114: M-111 | D114: Cube | E114: 9000
A115: 112 | B115: Salt | C115: M-112 | D115: Lbs | E115: 10
A116: 113 | B116: Sand | C116: M-113 | D116: Cube | E116: 18000
A117: 114 | B117: Sand Papers | C117: M-114 | D117: No | E117: 250
A118: 115 | B118: Slaked Lime | C118: M-115 | D118: Lbs | E118: 275
A119: 116 | B119: Soldering Lead | C119: M-116 | D119: Lbs | E119: 13.75
... A142: 139 | B142: Timber Class I Planks - 1 1/2" | C142: M-139 | D142: Sq.ft | E142: 140
A143: 139a | B143: Timber Class I Planks - 1" | C143: M-139a | D143: Sq.ft | E143: 110
A144: 140 | B144: Timber Class II | C144: M-140 | D144: Cu.ft | E144: 750
A145: 141 | B145: Timber Class II - 1" Thick | C145: M-141 | D145: Sq.ft | E145: 65
A146: 142 | B146: Timber Class II - 2" x 1" | C146: M-142 | D146: L.ft | E146: 12
A147: 143 | B147: Timber Class II - 2" x 2" | C147: M-143 | D147: L.ft | E147: 22
A148: 144 | B148: Timber class II - 4"X 2" | C148: M-144 | D148: L.ft | E148: 65
A149: 145 | B149: Timber Cove Molding - 2"X2" (Halmilla) | C149: M-145 | D149: Sq.ft | E149: 35
A150: 146 | B150: Timber ceiling Joists - 4" x 2" | C150: M-146 | D150: L.ft | E150: 65
A151: 147 | B151: Timber Planks - 1" (Valance board) | C151: M-147 | D151: Sq.ft | E151: 65
A152: 148 | B152: Timber Purlins | C152: M-148 | D152: L.ft | E152: 100
A153: 149 | B153: Timber Reepers - 2"X1" | C153: M-149 | D153: L.ft | E153: 12
A154: 150 | B154: Timber Strips - 2" X 1/4" | C154: M-150 | D154: L.ft | E154: 5
A155: 151 | B155: Timber Wedges | C155: M-151 | D155: No | E155: 5
... A170: 166 | B170: Yellow Ochre | C170: M-166 | D170: Lbs | E170: 15

Sheet Activity
B1: Activity
B2: 1 | C2: Site Preparation & Excavation
B3: 2 | C3: Earth work support and Filling
B4: 3 | C4: Anti Termite Treatment & DPC
B5: 4 | C5: Random Rubble Masonry Work
B6: 5 | C6: Concrete Work
B7: 6 | C7: Formwork | F7: Note
B8: 7 | C8: Reinforcement | F8: Rate Break Downs of all trades are according to the Building Schedule of Rates of the Department of Buildings except the Rate Break Downs of Concrete Works
B9: 8 | C9: Block Work
B10: 9 | C10: Brick Work
B11: 10 | C11: Roof
B12: 11 | C12: Doors and Windows
B13: 12 | C13: Plumbing & Drainage
B14: 13 | C14: Plastering
B15: 14 | C15: Tiling
B16: 15 | C16: Ceiling
B17: 16 | C17: Painting

Sheet 01
A2: 01. Site Preparation & Excavation
B4: A. | C4: Site Preparation
B5: B. | C5: Excavation
A7: Site Preparation
A9: 01.A. 01 | C9: Clearing site and grubbing up all small trees not exceeding 500mm girth and including bushes, scrubs, undergrowth hedges etc.
E10: Analysis for | F10: 1 | G10: Sqr
B11: No. | C11: Item Description | D11: Item Ref | E11: Unit | F11: Quantity | G11: Rate | H11: Amount
B12: 1 | C12: U / SK Labourer | D12: L-007 | E12: Day | F12: 0.75 | G12: ='Basic Rates'!J10 -> 2300 | H12: =G12*F12 -> 1725
B13: 1.01 | C13: Allow 2.5% of Items ( 1.01 ) for Tools | H13: =H12*2.5/100 -> 43.125
D14: Total for | E14: 1 | F14: =G10 -> Sqr | H14: =SUM(H12:H13) -> 1768.125
D15: Rate for 1 | E15: =$G$34 -> Sqrs | H15: =H14/F10 -> 1768.125
D16: Rate(Say) | G16: 1Sqr | H16: =H15 -> 1768.125
D17: Rate(Say) | G17: 1ft2 | H17: =H16/100 -> 17.68125
D18: Rate(Say) | G18: 1m2 | H18: =H17*10.76 -> 190.25025
A20: 01.A.02 | C20: Cutting turf Sods, loading to hand carts and transporting up to 30 Yards, laying and watering for 30 days(Royalty for Turf, pegging, transporting beyond 30yds paid separately)
E21: Analysis for | F21: 1 | G21: Sqr
B22: No | C22: Item Description | D22: Item Ref | E22: Unit | F22: Quantity | G22: Rate | H22: Amount
B23: 1.01 | C23: U / SK Labourer - cutting turf sods, loading & unloading | D23: L-007 | E23: Day | F23: 2.5 | G23: ='Basic Rates'!J10 -> 2300 | H23: =F23*G23 -> 5750
B24: 1.02 | C24: U / SK Labourer - laying turf sods | D24: L-007 | E24: Day | F24: 0.5 | G24: =G23 -> 2300 | H24: =F24*G24 -> 1150
B25: 1.03 | C25: U / SK Labourer - watering | D25: L-007 | E25: Day | F25: 1.5 | G25: =G23 -> 2300 | H25: =F25*G25 -> 3450
B26: 1.04 | C26: Water | D26: M-157 | E26: Gal | F26: 60 | G26: ='Basic Rates'!E161 -> 0.3 | H26: =F26*G26 -> 18
D27: Total for | E27: =$F$21 -> 1 | F27: =$G$21 -> Sqr | H27: =SUM(H23:H26) -> 10368
D28: Rate for 1 | E28: =$G$21 -> Sqr | H28: =H27/F21 -> 10368
D29: Rate(Say) | G29: 1Sqr | H29: =H28 -> 10368
D30: Rate(Say) | G30: 1ft2 | H30: =H29/100 -> 103.68
D31: Rate(Say) | G31: 1m2 | H31: =H30*10.76 -> 1115.5968
A33: 01.A.03 | C33: Removing top soil to a Depth not Exceeding 6" & Depositing as Directed within Site
E34: Analysis for | F34: 10 | G34: Sqrs
B35: No. | C35: Item Description | D35: Item Ref | E35: Unit | F35: Quantity | G35: Rate | H35: Amount
B36: 1 | C36: U / SK Labourer | D36: L-007 | E36: Day | F36: 10 | G36: =G23 -> 2300 | H36: =G36*F36 -> 23000
B37: 1.01 | C37: Allow 2.5% of Items ( 1.01 ) for Tools | H37: =H36*2.5/100 -> 575
D38: Total for | E38: =$F$34 -> 10 | F38: =$G$34 -> Sqrs | H38: =SUM(H36:H37) -> 23575
D39: Rate for 1 | E39: =$G$34 -> Sqrs | H39: =H38/F34 -> 2357.5
D40: Rate(Say) | G40: 1Sqr | H40: =H39 -> 2357.5
D41: Rate(Say) | G41: 1ft2 | H41: =H40/100 -> 23.575
D42: Rate(Say) | G42: 1m2 | H42: =H41*10.76 -> 253.667
A44: Excavation
A46: 01.B.01 | C46: Excavation over site to reduce level, in any material except rock requiring blasting including depositing and levelling as directed upto a distance not exceeding 30' 0 "
E47: Analysis for | F47: 1 | G47: Cube
B48: No. | C48: Item Description | D48: Item Ref | E48: Unit | F48: Quantity | G48: Rate | H48: Amount
B49: 1 | C49: U / SK Labourer | D49: L-007 | E49: Day | F49: 1.625 | G49: =G23 -> 2300 | H49: =F49*G49 -> 3737.5
B50: 1.02 | C50: Allow 2.5% of Items ( 1.01 ) for Tools | H50: =H49*2.5/100 -> 93.4375
D51: Total for | E51: =$F$47 -> 1 | F51: =$G$47 -> Cube | H51: =SUM(H49) -> 3737.5
D52: Rate for 1 | E52: =$G$47 -> Cube | H52: =H51/F47 -> 3737.5
D53: Rate(Say) | G53: 1Cube | H53: =H52 -> 3737.5
D54: Rate(Say) | G54: 1ft3 | H54: =H53/100 -> 37.375
D55: Rate(Say) | G55: 1m3 | H55: =ROUND(H53/2.83,0) -> 1321
A57: 01.B.02 | C57: Excavation in trenches for walls/ column pits in sort/loose soil from 0' 0" to 5' 0" deep and depositing excavated material to a distance not exceeding 30' 0" (Earth work support to be paid Separately where necessary)
E58: Analysis for | F58: 1 | G58: Cube
B59: No | C59: Item Description | D59: Item Ref | E59: Unit | F59: Quantity | G59: Rate | H59: Amount
B60: 1 | C60: U / SK Labourer | D60: L-007 | E60: Day | F60: 1 | G60: ='Basic Rates'!J10 -> 2300 | H60: =F60*G60 -> 2300
B61: 1.02 | C61: Allow 2.5% of Items ( 1.01 ) for Tools | H61: =H60*2.5/100 -> 57.5
D62: Total for | E62: =$F$58 -> 1 | F62: =$G$58 -> Cube | H62: =SUM(H60) -> 2300
D63: Rate for 1 | E63: =$G$58 -> Cube | H63: =H62/F58 -> 2300
D64: Rate(Say) | G64: 1Cube | H64: =H63 -> 2300
D65: Rate(Say) | G65: 1ft3 | H65: =H64/100 -> 23
D66: Rate(Say) | G66: 1m3 | H66: =ROUND(H64/2.83,0) -> 813
A68: 01.B.03 | C68: Excavation in trenches for walls column pits in ordinary soil from 0' 0" to 5' 0" deep and depositing excavated material not exceeding 30' 0"
E69: Analysis for | F69: 1 | G69: Cube
B70: No | C70: Item Description | D70: Item Ref | E70: Unit | F70: Quantity | G70: Rate | H70: Amount
B71: 1 | C71: U / SK Labourer | D71: L-007 | E71: Day | F71: 2.25 | G71: ='Basic Rates'!J10 -> 2300 | H71: =F71*G71 -> 5175
B72: 1.02 | C72: Allow 2.5% of Items ( 1.01 ) for Tools | H72: =H71*2.5/100 -> 129.375
D73: Total for | E73: =$F$69 -> 1 | F73: =$G$69 -> Cube | H73: =SUM(H71:H72) -> 5304.375
D74: Rate for 1 | E74: =$G$69 -> Cube | H74: =H73/F69 -> 5304.375
D75: Rate(Say) | G75: 1Cube | H75: =H74 -> 5304.375
D76: Rate(Say) | G76: 1ft3 | H76: =H75/100 -> 53.04375
D77: Rate(Say) | G77: 1m3 | H77: =ROUND(H75/2.83,0) -> 1874
A79: 01.B.04 | C79: Excavation in trenches for walls / column pits in hard/dense soil up to a depth of 5' 0" and depositing excavated material to distance not exceeding 30' 0"
E80: Analysis for | F80: 1 | G80: Cube
B81: No | C81: Item Description | D81: Item Ref | E81: Unit | F81: Quantity | G81: Rate | H81: Amount
B82: 1 | C82: U / SK Labourer | D82: L-007 | E82: Day | F82: 3.5 | G82: ='Basic Rates'!J10 -> 2300 | H82: =F82*G82 -> 8050
B83: 1.02 | C83: Allow 2.5% of Items ( 1.01 ) for Tools | H83: =H82*2.5/100 -> 201.25
D84: Total for | E84: =$F$80 -> 1 | F84: =$G$80 -> Cube | H84: =SUM(H82:H83) -> 8251.25
D85: Rate for 1 | E85: =$G$80 -> Cube | H85: =H84/F80 -> 8251.25
D86: Rate(Say) | G86: 1Cube | H86: =H85 -> 8251.25
D87: Rate(Say) | G87: 1ft3 | H87: =H86/100 -> 82.5125
D88: Rate(Say) | G88: 1m3 | H88: =ROUND(H86/2.83,0) -> 2916
A90: 01.B.05 | C90: Excavation in trenches for walls column pits in mud/wet soil upto the depth of 5' 0" and depositing excavated material not exceeding 30' 0"
E91: Analysis for | F91: 1 | G91: Cube
B92: No | C92: Item Description | D92: Item Ref | E92: Unit | F92: Quantity | G92: Rate | H92: Amount
B93: 1 | C93: U / SK Labourer | D93: L-007 | E93: Day | F93: 3 | G93: ='Basic Rates'!J10 -> 2300 | H93: =F93*G93 -> 6900
B94: 1.02 | C94: Allow 2.5% of Items ( 1.01 ) for Tools | H94: =H93*2.5/100 -> 172.5
D95: Total for | E95: =$F$91 -> 1 | F95: =$G$91 -> Cube | H95: =SUM(H93) -> 6900
D96: Rate for 1 | E96: =$G$91 -> Cube | H96: =H95/F91 -> 6900
D97: Rate(Say) | G97: 1Cube | H97: =H96 -> 6900
D98: Rate(Say) | G98: 1ft3 | H98: =H97/100 -> 69
D99: Rate(Say) | G99: 1m3 | H99: =ROUND(H97/2.83,0) -> 2438
A101: 01.B.06 | C101: Excavation in trenches for walls column pits in soft disintegrated rock (not requiring blasting)upto depth of 5' 0" and depositing excavated material to a distance not exceeding 30' 0"
E102: Analysis for | F102: 1 | G102: Cube
B103: No | C103: Item Description | D103: Item Ref | E103: Unit | F103: Quantity | G103: Rate | H103: Amount
B104: 1 | C104: U / SK Labourer | D104: L-007 | E104: Day | F104: 2.5 | G104: ='Basic Rates'!J10 -> 2300 | H104: =F104*G104 -> 5750
B105: 1.02 | C105: Allow 2.5% of Items ( 1.01 ) for Tools | H105: =H104*2.5/100 -> 143.75
D106: Total for | E106: =$F$102 -> 1 | F106: =$G$102 -> Cube | H106: =SUM(H104:H105) -> 5893.75
D107: Rate for 1 | E107: =$G$102 -> Cube | H107: =H106/F102 -> 5893.75
D108: Rate(Say) | G108: 1Cube | H108: =H107 -> 5893.75
D109: Rate(Say) | G109: 1ft3 | H109: =H108/100 -> 58.9375
D110: Rate(Say) | G110: 1m3 | H110: =H108/2.83 -> 2082.5972
A112: 01.B.07 | C112: Excavation in trenches for walls column pits in Hard rock requiring Blasting upto depth of 5' 0" and depositing excavated material to a distance not exceeding 30' 0"
E113: Analysis for | F113: 1 | G113: Cube
B114: No | C114: Item Description | D114: Item Ref | E114: Unit | F114: Quantity | G114: Rate | H114: Amount
...

Sheet 02
A2: 02. Filling and Earth Work Support
B3: A. | C3: Filling
B4: B. | C4: Earthwork Support
A6: Backfilling
A8: 02.A.01 | C8: Backfilling to trenches with selected earth available at site.
E9: Analysis for | F9: 1 | G9: Cube
B10: No | C10: Item Description | D10: Item Ref | E10: Unit | F10: Quantity | G10: Rate | H10: Amount
B11: 1 | C11: U / SK Labourer | D11: L-007 | E11: Day | F11: 1 | G11: ='Basic Rates'!J10 -> 2300 | H11: =F11*G11 -> 2300
B12: 1.02 | C12: Allow 2.5% of Items ( 1 ) for Tools | H12: =H11*2.5/100 -> 57.5
D13: Total for | E13: =$F$9 -> 1 | F13: =$G$9 -> Cube | H13: =SUM(H11:H12) -> 2357.5
D14: Rate for 1 | E14: =$G$9 -> Cube | H14: =H13/F9 -> 2357.5
D15: Rate(Say) | G15: 1Cube | H15: =H14 -> 2357.5
D16: Rate(Say) | G16: 1 ft3 | H16: =H15/100 -> 23.575
D17: Rate(Say) | G17: 1m3 | H17: =ROUND(H15/2.83,0) -> 833
A19: 02.A.02 | C19: Backfilling to trenches with Imported Material
E20: Analysis for | F20: 1 | G20: Cube
B21: No | C21: Item Description | D21: Item Ref | E21: Unit | F21: Quantity | G21: Rate | H21: Amount
B22: 1 | C22: Earth Delivered at Site | D22: M-042 | E22: Cube | F22: 1 | G22: ='Basic Rates'!E45 -> 5000 | H22: =F22*G22 -> 5000
B23: 1.01 | C23: Allow 15% of Items ( 1 ) for Compacting | H23: =H22*0.15 -> 750
B24: 1.02 | C24: U / SK Labourer | D24: L-007 | E24: Day | F24: 1.25 | G24: ='Basic Rates'!J10 -> 2300 | H24: =F24*G24 -> 2875
D25: Total for | E25: =$F$20 -> 1 | F25: =$G$20 -> Cube | H25: =SUM(H22:H24) -> 8625
D26: Rate for 1 | E26: =$G$20 -> Cube | H26: =H25/F20 -> 8625
D27: Rate(Say) | G27: 1Cube | H27: =H26 -> 8625
D28: Rate(Say) | G28: 1 ft3 | H28: =H27/100 -> 86.25
D29: Rate(Say) | G29: 1m3 | H29: =ROUND(H27/2.83,0) -> 3048
A31: 02.A.03 | C31: Filling under floors including levelling, watering & compacting in 3" layers with available and selected earth at site
E32: Analysis for | F32: 1 | G32: Cube
B33: No | C33: Item Description | D33: Item Ref | E33: Unit | F33: Quantity | G33: Rate | H33: Amount
B34: 1.02 | C34: U / SK Labourer | D34: L-007 | E34: Day | F34: 2 | G34: ='Basic Rates'!J10 -> 2300 | H34: =F34*G34 -> 4600
B35: 1.02 | C35: Allow 2.5% of Items ( 1 ) for Tools | H35: =H34*2.5/100 -> 115
D36: Total for | E36: =$F$32 -> 1 | F36: =$G$32 -> Cube | H36: =SUM(H34:H35) -> 4715
D37: Rate for 1 | E37: =$G$32 -> Cube | H37: =H36/F32 -> 4715
D38: Rate(Say) | G38: 1Cube | H38: =H37 -> 4715
D39: Rate(Say) | G39: 1 ft3 | H39: =H38/100 -> 47.15
D40: Rate(Say) | G40: 1m3 | H40: =ROUND(H38/2.83,0) -> 1666
A42: 02.A.04 | C42: Filling under floors including levelling, watering & compacting in 3" layers with imported selected earth
E43: Analysis for | F43: 1 | G43: Cube
B44: No | C44: Item Description | D44: Item Ref | E44: Unit | F44: Quantity | G44: Rate | H44: Amount
B45: 1.02 | C45: Earth Delivered at Site | D45: M-042 | E45: Cu | F45: 1 | G45: ='Basic Rates'!E45 -> 5000 | H45: =F45*G45 -> 5000
B46: 1.03 | C46: Allow 15% of Items ( 1.02 ) for Compaction | H46: =H45*0.15 -> 750
B47: 1.04 | C47: U / SK Labourer | D47: L-007 | E47: Day | F47: 2 | G47: ='Basic Rates'!J10 -> 2300 | H47: =F47*G47 -> 4600
B48: 1.02 | C48: Allow 2.5% of Items ( 1 ) for Tools | H48: =H45*2.5/100 -> 125
D49: Total for | E49: =$F$43 -> 1 | F49: =$G$43 -> Cube | H49: =SUM(H45:H48) -> 10475
D50: Rate for 1 | E50: =$G$43 -> Cube | H50: =H49/F43 -> 10475
D51: Rate(Say) | G51: 1Cube | H51: =H50 -> 10475
D52: Rate(Say) | G52: 1 ft3 | H52: =H51/100 -> 104.75
D53: Rate(Say) | G53: 1m3 | H53: =H51/2.83 -> 3701.4134
D54: Rate(Say),with compaction | G54: 1m3 | H54: =H53*1.3 -> 4811.8375
A56: 02.A.05 | C56: Filling under floors including levelling, watering & compacting in 3" layers with imported gravel
E57: Analysis for | F57: 1 | G57: Cube
B58: No | C58: Item Description | D58: Item Ref | E58: Unit | F58: Quantity | G58: Rate | H58: Amount
B59: 1.02 | C59: Gravel Delivered at Site | D59: M-053 | E59: Cube | F59: 1 | G59: ='Basic Rates'!E56 -> 2000 | H59: =F59*G59 -> 2000
B60: 1.03 | C60: Allow 15% of Items ( 1.02 ) for Compaction & wastage | H60: =H59*0.15 -> 300
B61: 1.04 | C61: U / SK Labourer | D61: L-007 | E61: Day | F61: 2 | G61: ='Basic Rates'!J10 -> 2300 | H61: =F61*G61 -> 4600
B62: 1.02 | C62: Allow 2.5% of Items ( 1 ) for Tools | H62: =H59*2.5/100 -> 50
D63: Total for | E63: =$F$43 -> 1 | F63: =$G$43 -> Cube | H63: =SUM(H59:H62) -> 6950
D64: Rate for 1 | E64: =$G$43 -> Cube | H64: =H63/F57 -> 6950
D65: Rate(Say) | G65: 1Cube | H65: =H64 -> 6950
D66: Rate(Say) | G66: 1 ft3 | H66: =H65/100 -> 69.5
D67: Rate(Say) | G67: 1m3 | H67: =H65/2.83 -> 2455.8304
D68: Rate(Say),with compaction | G68: 1m3 | H68: =H67*1.3 -> 3192.5795
A70: 02.A.06 | C70: Approved Soil Spread & Compacted in 150 to 225 mm Thick Layers Using Machine Rammer at Narrow Places (Loose Volume)
D71: Analysis for | E71: 7 | F71: Cu.m
B72: No | C72: Item Description | D72: Item Ref | E72: Unit | F72: Quantity | G72: Rate | H72: Amount
B73: 1.01 | C73: Labour Unskilled (U/SK) | D73: L-007 | E73: Day | F73: 1 | G73: ='Basic Rates'!J10 -> 2300 | H73: =G73*F73 -> 2300
B74: 1.02 | C74: Allow 2.5% of Items ( 1.01 ) for Tools | H74: =H73*2.5/100 -> 57.5
B75: 1.04 | C75: Vibrating rammer (60kg)(Less Operator) | D75: P-003 | E75: Day | F75: 0.5 | G75: ='Basic Rates'!O6 -> 3000 | H75: =G75*F75 -> 1500
D76: Total for | E76: 7 | F76: Cu.m | H76: =SUM(H73:H75) -> 3857.5
D77: Rate for 1 | E77: 1 | F77: Cu.m | H77: =H76/E71 -> 551.07143
D78: Rate(Say) | G78: 1m3 | H78: =H77 -> 551.07143
D79: Rate(Say) | G79: Cube | H79: =H78*2.83 -> 1559.5321
D80: Rate(Say) | G80: 1 ft3 | H80: =H79/100 -> 15.595321
A83: Earth Work Support
A85: 02.B.01 | C85: Earth Work Support (Open Planking) in trenches up to a depth of 5' 0"
E86: Analysis for | F86: 1.5 | G86: Sqr
B87: No | C87: Item Description | D87: Item Ref | E87: Unit | F87: Quantity | G87: Rate | H87: Amount
B88: 1.01 | C88: Class II Timber (17.5 ft3 for 4 uses) | D88: M-140 | E88: Cu.ft | F88: 4.375 | G88: ='Basic Rates'!E144 -> 750 | H88: =F88*G88 -> 3281.25
B89: 1.02 | C89: Carpenter | D89: L-008 | E89: Day | F89: 1 | G89: ='Basic Rates'!J11 -> 3500 | H89: =F89*G89 -> 3500
B90: 1.03 | C90: U / SK Labourer | D90: L-007 | E90: Day | F90: 3 | G90: ='Basic Rates'!J10 -> 2300 | H90: =F90*G90 -> 6900
D91: Total for | E91: =$F$86 -> 1.5 | F91: =$G$86 -> Sqr | H91: =SUM(H88:H90) -> 13681.25
D92: Rate for 1 | E92: =$G$86 -> Sqr | H92: =H91/F86 -> 9120.8333
D93: Rate(Say) | G93: 1 Sqr | H93: =H92 -> 9120.8333
D94: Rate(Say) | G94: 1m2 | H94: =H93/100*10.76 -> 981.40167
A96: 02.B.02 | C96: Earth Work Support (Close Planking) in trenches up to a depth of 5' 0"
E97: Analysis for | F97: 1.5 | G97: Sqrs
B98: No | C98: Item Description | D98: Item Ref | E98: Unit | F98: Quantity | G98: Rate | H98: Amount
B99: 1.01 | C99: Class II Timber (30 ft3 for 4 uses) | D99: M-140 | E99: Cu.ft | F99: 7.5 | G99: ='Basic Rates'!E144 -> 750 | H99: =F99*G99 -> 5625
B100: 1.02 | C100: Carpenter | D100: L-008 | E100: Day | F100: 2 | G100: ='Basic Rates'!J11 -> 3500 | H100: =F100*G100 -> 7000
B101: 1.03 | C101: U / SK Labourer | D101: L-007 | E101: Day | F101: 6 | G101: ='Basic Rates'!J10 -> 2300 | H101: =F101*G101 -> 13800
D102: Total for | E102: =$F$97 -> 1.5 | F102: =$G$97 -> Sqrs | H102: =SUM(H99:H101) -> 26425
D103: Rate for 1 | E103: =$G$97 -> Sqrs | H103: =H102/F97 -> 17616.667
D104: Rate(Say) | G104: 1 Sqr | H104: =H103 -> 17616.667
D105: Rate(Say) | G105: 1m2 | H105: =H104/100*10.76 -> 1895.5533
A107: 02.B.03 | C107: Earth Work Support (Close Planking) in deep excavation in trenches up to 15 ft 0" depth
E108: Analysis for | F108: 4.5 | G108: Sqr
B109: No | C109: Item Description | D109: Item Ref | E109: Unit | F109: Quantity | G109: Rate | H109: Amount
B110: 1.01 | C110: Class II Timber (100 ft3 for 4 uses) | D110: M-140 | E110: Cu.ft | F110: 25 | G110: ='Basic Rates'!E144 -> 750 | H110: =F110*G110 -> 18750
B111: 1.02 | C111: Carpenter | D111: L-008 | E111: Day | F111: 8 | G111: ='Basic Rates'!J11 -> 3500 | H111: =F111*G111 -> 28000
B112: 1.03 | C112: U / SK Labourer | D112: L-007 | E112: Day | F112: 20 | G112: ='Basic Rates'!J10 -> 2300 | H112: =F112*G112 -> 46000
D113: Total for | E113: =$F$108 -> 4.5 | F113: =$G$108 -> Sqr | H113: =SUM(H110:H112) -> 92750
...

Sheet 03
A2: 03. Anti termite Treatment & DPC
B4: A. | C4: Anti Termite Treatment
B5: B. | C5: DPC
A7: Anti Termite Treatment
A8: 03.A.01 | C8: Anti-Termite treatment on excavated foundation and compacted soil under floors.
E9: Analysis for | F9: 1 | G9: Sqr
B10: No | C10: Item Description | D10: Item Ref | E10: Unit | F10: Quantity | G10: Rate | H10: Amount
B11: 1 | C11: D. D. T. Powder | D11: M-038 | E11: Lbs | F11: 16 | G11: ='Basic Rates'!E41 -> 25 | H11: =F11*G11 -> 400
B12: 1.01 | C12: Water | D12: M-157 | E12: Gal | F12: 20 | G12: ='Basic Rates'!E161 -> 0.3 | H12: =F12*G12 -> 6
B13: 1.02 | C13: U / SK Labourer | D13: L-007 | E13: Day | F13: 0.5 | G13: ='Basic Rates'!J10 -> 2300 | H13: =F13*G13 -> 1150
D14: Total for | E14: =$F$9 -> 1 | F14: =$G$9 -> Sqr | H14: =SUM(H11:H13) -> 1556
D15: Rate for 1 | E15: =$G$9 -> Sqr | H15: =H14/F9 -> 1556
D16: Rate(Say) | G16: 1Sqr | H16: =H15 -> 1556
D17: Rate(Say) | G17: 1ft2 | H17: =H16/100 -> 15.56
D18: Rate(Say) | G18: 1m2 | H18: =H17*10.76 -> 167.4256
A21: DPC
A23: 03.B.01 | C23: 3/4" thick DPC in cement sand 1:2 finished with 2 coats hot tar and blinded with sand.
E24: Analysis for | F24: 1 | G24: Sqr
B25: No | C25: Item Description | D25: Item Ref | E25: Unit | F25: Quantity | G25: Rate | H25: Amount
B26: 1.01 | C26: Cement | D26: M-026 | E26: Bag | F26: 2.25 | G26: ='Basic Rates'!E29 -> 2400 | H26: =G26*F26 -> 5400
B27: 1.02 | C27: Sand | D27: M-113 | E27: Cube | F27: 0.11 | G27: ='Basic Rates'!E116 -> 18000 | H27: =G27*F27 -> 1980
B28: 1.03 | C28: Bitumen | D28: M-006 | E28: Gal | F28: 1.5 | G28: ='Basic Rates'!E9 -> 80 | H28: =G28*F28 -> 120
B29: 1.04 | C29: Fire Wood | D29: M-046 | E29: Lbs | F29: 10 | G29: ='Basic Rates'!E49 -> 250 | H29: =G29*F29 -> 2500
B30: 1.05 | C30: Water | D30: M-157 | E30: Gal | F30: 10 | G30: ='Basic Rates'!E161 -> 0.3 | H30: =G30*F30 -> 3
B31: 1.0599999 | C31: Mason | D31: L-009 | E31: Day | F31: 1.25 | G31: ='Basic Rates'!J6 -> 3500 | H31: =G31*F31 -> 4375
B32: 1.0700001 | C32: U / SK Labourer | D32: L-007 | E32: Day | F32: 2.5 | G32: ='Basic Rates'!J10 -> 2300 | H32: =G32*F32 -> 5750
D33: Total for | E33: =F24 -> 1 | F33: =$G$24 -> Sqr | H33: =SUM(H26:H32) -> 20128
D34: Rate for 1 | E34: =$G$24 -> Sqr | H34: =H33/F24 -> 20128
D35: Rate(Say) | G35: 1Sqr | H35: =ROUND(H34,0) -> 20128
D36: Rate(Say) | G36: 1ft2 | H36: =H35/100 -> 201.28
D37: Rate(Say) | G37: 1m2 | H37: =H36*10.76 -> 2165.7728

Sheet 04
A2: 04. Random Rubble Masonry Work
A4: 04.01 | C4: Random Rubble Masonry in cement mortar 1:5 in foundation
E5: Analysis for | F5: 1 | G5: Cube
B6: No | C6: Item Description | D6: Item Ref | E6: Unit | F6: Quantity | G6: Rate | H6: Amount
B7: 1.01 | C7: 6" - 9" Rubble | D7: M-111 | E7: Cube | F7: 1.3 | G7: ='Basic Rates'!E114 -> 9000 | H7: =G7*F7 -> 11700
B8: =B7+0.01 -> 1.02 | C8: Cement | D8: M-026 | E8: Bag | F8: 5 | G8: ='Basic Rates'!E29 -> 2400 | H8: =G8*F8 -> 12000
B9: =B8+0.01 -> 1.03 | C9: Sand | D9: M-113 | E9: Cube | F9: 0.3 | G9: ='Basic Rates'!E116 -> 18000 | H9: =G9*F9 -> 5400
B10: =B9+0.01 -> 1.04 | C10: Water | D10: M-157 | E10: Gal | F10: 100 | G10: ='Basic Rates'!E161 -> 0.3 | H10: =G10*F10 -> 30
B11: =B10+0.01 -> 1.05 | C11: Mason | D11: L-009 | E11: Day | F11: 4 | G11: ='Basic Rates'!J6 -> 3500 | H11: =G11*F11 -> 14000
B12: =B11+0.01 -> 1.06 | C12: U / SK Labourer | D12: L-007 | E12: Day | F12: 6 | G12: ='Basic Rates'!J10 -> 2300 | H12: =G12*F12 -> 13800
D13: Total for | E13: =$F$5 -> 1 | F13: =$G$5 -> Cube | H13: =SUM(H7:H12) -> 56930
D14: Rate for 1 | E14: =$G$5 -> Cube | H14: =H13/F5 -> 56930
D15: Rate(Say) | G15: 1Cube | H15: =ROUND(H14,0) -> 56930
D16: Rate(Say) | G16: 1ft3 | H16: =H15/100 -> 569.3
D17: Rate(Say) | G17: 1m3 | H17: =H15/2.83 -> 20116.608
A19: 04.02 | C19: Random Rubble Masonry in cement mortar 1:5 in Superstructure
E20: Analysis for | F20: 1 | G20: Cube
B21: No | C21: Item Description | D21: Item Ref | E21: Unit | F21: Quantity | G21: Rate | H21: Amount
B22: 1.01 | C22: 6" - 9" Rubble | D22: M-111 | E22: Cu | F22: 1.3 | G22: ='Basic Rates'!E114 -> 9000 | H22: =G22*F22 -> 11700
B23: =B22+0.01 -> 1.02 | C23: Cement | D23: M-026 | E23: Bag | F23: 5 | G23: ='Basic Rates'!E29 -> 2400 | H23: =G23*F23 -> 12000
B24: =B23+0.01 -> 1.03 | C24: Sand | D24: M-113 | E24: Cu | F24: 0.3 | G24: ='Basic Rates'!E116 -> 18000 | H24: =G24*F24 -> 5400
B25: =B24+0.01 -> 1.04 | C25: Water | D25: M-157 | E25: Gal | F25: 100 | G25: ='Basic Rates'!E161 -> 0.3 | H25: =G25*F25 -> 30
B26: =B25+0.01 -> 1.05 | C26: Mason | D26: L-009 | E26: Day | F26: 4.5 | G26: ='Basic Rates'!J6 -> 3500 | H26: =G26*F26 -> 15750
B27: =B26+0.01 -> 1.06 | C27: U / SK Labourer | D27: L-007 | E27: Day | F27: 7 | G27: ='Basic Rates'!J10 -> 2300 | H27: =G27*F27 -> 16100
B28: =B27+0.01 -> 1.07 | C28: Allow 3% of Items ( 1.05, 1.06 ) for Scaffolding | D28: - | E28: - | F28: - | G28: - | H28: =(H26+H27)*3/100 -> 955.5
D29: Total for | E29: =$F$20 -> 1 | F29: =$G$20 -> Cube | H29: =SUM(H22:H28) -> 61935.5
D30: Rate for 1 | E30: =$G$20 -> Cube | H30: =H29/F20 -> 61935.5
D31: Rate(Say) | G31: 1Cube | H31: =ROUND(H30,0) -> 61936
D32: Rate(Say) | G32: 1ft3 | H32: =H31/100 -> 619.36
D33: Rate(Say) | G33: 1m3 | H33: =H31/2.83 -> 21885.512

Sheet 05
A2: 05. Concrete Work
B4: A. | C4: Mixing Concrete
B5: B. | C5: Screed
B6: C. | C6: Mass Concrete
B7: D. | C7: Column
B8: E. | C8: Beam
B9: F. | C9: Slab
B10: G. | C10: Lintol
D12: Mixing Concrete
A14: 05.A.01 | C14: Mixing Concrete 1:1-1/2:3(3/4")
E15: Analysis for | F15: 1 | G15: Cube
B16: No. | C16: Item Description | D16: Item Ref | E16: Unit | F16: Quantity | G16: Rate | H16: Amount
B17: 1.01 | C17: Cement | D17: M-026 | E17: Bag | F17: 23 | G17: ='Basic Rates'!E29 -> 2400 | H17: =G17*F17 -> 55200
B18: 1.02 | C18: Sand | D18: M-113 | E18: Cube | F18: 0.42 | G18: ='Basic Rates'!E116 -> 18000 | H18: =G18*F18 -> 7560
B19: 1.03 | C19: 3/4 " Metal | D19: M-066 | E19: Cube | F19: 0.82 | G19: ='Basic Rates'!E69 -> 15000 | H19: =G19*F19 -> 12300
B20: 1.04 | C20: Hire of Mixer | D20: P-001 | E20: Day | F20: 0.333 | G20: ='Basic Rates'!O4 -> 5000 | H20: =G20*F20 -> 1665
B21: 1.05 | C21: Water | D21: M-157 | E21: Gal | F21: 150 | G21: ='Basic Rates'!E161 -> 0.3 | H21: =G21*F21 -> 45
B22: 1.0599999 | C22: SK Labour | D22: L-003 | E22: Day | F22: 0.333 | G22: ='Basic Rates'!J6 -> 3500 | H22: =G22*F22 -> 1165.5
B23: 1.0700001 | C23: U / SK Labourer | D23: L-007 | E23: Day | F23: 2 | G23: ='Basic Rates'!J10 -> 2300 | H23: =G23*F23 -> 4600
D24: Total for | E24: =$F$15 -> 1 | F24: =$G$15 -> Cube | H24: =SUM(H17:H23) -> 82535.5
D25: Rate for 1 | E25: =$G$15 -> Cube | H25: =H24/F15 -> 82535.5
D26: Rate(Say) | G26: 1Cube | H26: =ROUND(H25,-1) -> 82540
D27: Rate(Say) | G27: 1m3 | H27: =H26/2.83 -> 29166.078
A29: 05.A.02 | C29: Mixing Concrete 1:3:6(1 1/2")
E30: Analysis for | F30: 1 | G30: Cube
B31: No | C31: Item Description | D31: Item Ref | E31: Unit | F31: Quantity | G31: Rate | H31: Amount
B32: 1.01 | C32: Cement | D32: M-026 | E32: Bag | F32: 13 | G32: ='Basic Rates'!E29 -> 2400 | H32: =G32*F32 -> 31200
B33: 1.02 | C33: Sand | D33: M-113 | E33: Cube | F33: 0.53 | G33: ='Basic Rates'!E116 -> 18000 | H33: =G33*F33 -> 9540
B34: 1.03 | C34: 1 1/2 " Metal | D34: M-065 | E34: Cube | F34: 0.92 | G34: ='Basic Rates'!E68 -> 9000 | H34: =G34*F34 -> 8280
B35: 1.04 | C35: Hire of Mixer | D35: P-001 | E35: Day | F35: 0.333 | G35: ='Basic Rates'!O4 -> 5000 | H35: =G35*F35 -> 1665
B36: 1.05 | C36: Water | D36: M-157 | E36: Gal | F36: 110 | G36: ='Basic Rates'!E161 -> 0.3 | H36: =G36*F36 -> 33
B37: 1.0599999 | C37: SK Labour | D37: L-003 | E37: Day | F37: 0.333 | G37: ='Basic Rates'!J6 -> 3500 | H37: =G37*F37 -> 1165.5
B38: 1.0700001 | C38: U / SK Labourer | D38: L-007 | E38: Day | F38: 2 | G38: ='Basic Rates'!J10 -> 2300 | H38: =G38*F38 -> 4600
D39: Total for | E39: =$F$30 -> 1 | F39: =$G$30 -> Cube | H39: =SUM(H32:H38) -> 56483.5
D40: Rate for 1 | E40: =$G$30 -> Cube | H40: =H39/F30 -> 56483.5
D41: Rate(Say) | G41: 1Cube | H41: =ROUND(H40,-1) -> 56480
D42: Rate(Say) | G42: 1m3 | H42: =H41/2.83 -> 19957.597
A44: 05.A.03 | C44: Mixing Concrete 1:2 1/2 :5 (1")
E45: Analysis for | F45: 1 | G45: Cube
B46: No | C46: Item Description | D46: Item Ref | E46: Unit | F46: Quantity | G46: Rate | H46: Amount
B47: 1.01 | C47: Cement | D47: M-026 | E47: Bag | F47: 14 | G47: ='Basic Rates'!E29 -> 2400 | H47: =G47*F47 -> 33600
B48: 1.02 | C48: Sand | D48: M-113 | E48: Cube | F48: 0.6 | G48: ='Basic Rates'!E116 -> 18000 | H48: =G48*F48 -> 10800
B49: 1.03 | C49: 1 " Metal | D49: M-064 | E49: Cube | F49: 0.9 | G49: ='Basic Rates'!E67 -> 12000 | H49: =G49*F49 -> 10800
B50: 1.04 | C50: Hire of Mixer | D50: P-001 | E50: Day | F50: 0.333 | G50: ='Basic Rates'!O4 -> 5000 | H50: =G50*F50 -> 1665
B51: 1.05 | C51: Water | D51: M-157 | E51: Gal | F51: 100 | G51: ='Basic Rates'!E161 -> 0.3 | H51: =G51*F51 -> 30
B52: 1.0599999 | C52: SK Labour | D52: L-003 | E52: Day | F52: 0.333 | G52: ='Basic Rates'!J6 -> 3500 | H52: =G52*F52 -> 1165.5
B53: 1.0700001 | C53: U / SK Labourer | D53: L-007 | E53: Day | F53: 2 | G53: ='Basic Rates'!J10 -> 2300 | H53: =G53*F53 -> 4600
D54: Total for | E54: =$F$45 -> 1 | F54: =$G$45 -> Cube | H54: =SUM(H47:H53) -> 62660.5
D55: Rate for 1 | E55: =$G$45 -> Cube | H55: =H54/F45 -> 62660.5
D56: Rate(Say) | G56: 1Cube | H56: =ROUND(H55,-1) -> 62660
D57: Rate(Say) | G57: 1m3 | H57: =H56/2.83 -> 22141.343
A59: 05.A.04 | C59: Mixing Concrete 1:2:4(3/4")
E60: Analysis for | F60: 1 | G60: Cube
B61: No | C61: Item Description | D61: Item Ref | E61: Unit | F61: Quantity | G61: Rate | H61: Amount
B62: 1.01 | C62: Cement | D62: M-026 | E62: Bag | F62: 18 | G62: 2200 | H62: =G62*F62 -> 39600
B63: 1.02 | C63: Sand | D63: M-113 | E63: Cube | F63: 0.5 | G63: 23000 | H63: =G63*F63 -> 11500 | K63: =80/3 -> 26.666667
B64: 1.03 | C64: 3/4 " Metal | D64: M-066 | E64: Cube | F64: 0.88 | G64: 12000 | H64: =G64*F64 -> 10560
B65: 1.04 | C65: Hire of Mixer | D65: P-001 | E65: Day | F65: 0.333 | G65: ='Basic Rates'!O4 -> 5000 | H65: =G65*F65 -> 1665
B66: 1.05 | C66: Water | D66: M-157 | E66: Gal | F66: 120 | G66: ='Basic Rates'!E161 -> 0.3 | H66: =G66*F66 -> 36
B67: 1.0599999 | C67: SK Labour | D67: L-003 | E67: Day | F67: 0.333 | G67: 3500 | H67: =G67*F67 -> 1165.5
B68: 1.0700001 | C68: U / SK Labourer | D68: L-007 | E68: Day | F68: 2 | G68: 2500 | H68: =G68*F68 -> 5000
D69: Total for | E69: =$F$60 -> 1 | F69: =$G$60 -> Cube | H69: =SUM(H62:H68) -> 69526.5
D70: Rate for 1 | E70: =$G$60 -> Cube | H70: =H69/F60 -> 69526.5
D71: Rate(Say) | G71: 1Cube | H71: =ROUND(H70,-1) -> 69530
D72: Rate(Say) | G72: 1m3 | H72: =H71/2.83 -> 24568.905 | J72: =H72*1.3 -> 31939.576
A74: 05.A.05 | C74: Mixing Concrete 1:1:2(3/4")
E75: Analysis for | F75: 1 | G75: Cube
B76: No | C76: Item Description | D76: Item Ref | E76: Unit | F76: Quantity | G76: Rate | H76: Amount
B77: 1.01 | C77: Cement | D77: M-026 | E77: Bag | F77: 31 | G77: ='Basic Rates'!E29 -> 2400 | H77: =G77*F77 -> 74400
B78: 1.02 | C78: Sand | D78: M-113 | E78: Cube | F78: 0.44 | G78: ='Basic Rates'!E116 -> 18000 | H78: =G78*F78 -> 7920
B79: 1.03 | C79: 3/4 " Metal | D79: M-066 | E79: Cube | F79: 0.96 | G79: ='Basic Rates'!E69 -> 15000 | H79: =G79*F79 -> 14400
B80: 1.04 | C80: Hire of Mixer | D80: P-001 | E80: Day | F80: 0.333 | G80: ='Basic Rates'!O4 -> 5000 | H80: =G80*F80 -> 1665
B81: 1.05 | C81: Water | D81: M-157 | E81: Gal | F81: 200 | G81: ='Basic Rates'!E161 -> 0.3 | H81: =G81*F81 -> 60
B82: 1.0599999 | C82: SK Labour | D82: L-003 | E82: Day | F82: 0.333 | G82: ='Basic Rates'!J6 -> 3500 | H82: =G82*F82 -> 1165.5
B83: 1.0700001 | C83: U / SK Labourer | D83: L-007 | E83: Day | F83: 2 | G83: ='Basic Rates'!J10 -> 2300 | H83: =G83*F83 -> 4600
D84: Total for | E84: =$F$75 -> 1 | F84: =$G$75 -> Cube | H84: =SUM(H77:H83) -> 104210.5
D85: Rate for 1 | E85: =$G$75 -> Cube | H85: =H84/F75 -> 104210.5
D86: Rate(Say) | G86: 1Cube | H86: =ROUND(H85,-1) -> 104210
D87: Rate(Say) | G87: 1m3 | H87: =H86/2.83 -> 36823.322
D89: Screed Concrete
A91: 05.B.01 | C91: 2" thick Cement Concrete screed 1:3:6 (1 1/2) in foundation at depth not exceed in 5' 0"
E92: Analysis for | F92: 1 | G92: Sqr
B93: No | C93: Item Description | D93: Item Ref | E93: Unit | F93: Quantity | G93: Rate | H93: Amount
B94: 1.01 | C94: Mixing Concrete 1:3:6(1 1/2") | D94: 05.A.02 | E94: Cube | F94: 0.1667 | G94: =H41 -> 56480 | H94: =G94*F94 -> 9415.216
B95: 1.02 | C95: SK Labour | D95: L-003 | E95: Day | F95: 0.125 | G95: ='Basic Rates'!J6 -> 3500 | H95: =G95*F95 -> 437.5
B96: 1.03 | C96: U / SK Labourer | D96: L-007 | E96: Day | F96: 0.5 | G96: ='Basic Rates'!J10 -> 2300 | H96: =G96*F96 -> 1150
D97: Total for | E97: =$F$92 -> 1 | F97: =$G$92 -> Sqr | H97: =SUM(H94:H96) -> 11002.716
D98: Rate for 1 | E98: =$G$92 -> Sqr | H98: =H97/F92 -> 11002.716
D99: Rate(Say) | G99: 1 Sqr | H99: =ROUND(H98,-1) -> 11000
D100: Rate(Say) | G100: 1ft2 | H100: =H99/100 -> 110
D101: Rate(Say) | G101: 1m2 | H101: =H100*10.76 -> 1183.6
A103: 05.B.02 | C103: 3" Thick cement concrete 1:3:6(1-1/2") screed in foundation at depths not exceeding 5' 0"
E104: Analysis for | F104: 1 | G104: Sqr
B105: No | C105: Item Description | D105: Item Ref | E105: Unit | F105: Quantity | G105: Rate | H105: Amount
B106: 1.01 | C106: Mixing Concrete 1:3:6(1 1/2") | D106: 05.A.02 | E106: Cube | F106: 0.25 | G106: =H41 -> 56480 | H106: =G106*F106 -> 14120
B107: 1.02 | C107: SK Labour | D107: L-003 | E107: Day | F107: 0.125 | G107: ='Basic Rates'!J6 -> 3500 | H107: =G107*F107 -> 437.5
B108: 1.03 | C108: U / SK Labourer | D108: L-007 | E108: Day | F108: 0.75 | G108: ='Basic Rates'!J10 -> 2300 | H108: =G108*F108 -> 1725
D109: Total for | E109: =$F$104 -> 1 | F109: =$G$104 -> Sqr | H109: =SUM(H106:H108) -> 16282.5
D110: Rate for 1 | E110: =$G$104 -> Sqr | H110: =H109/F104 -> 16282.5
D111: Rate(Say) | G111: 1 Sqr | H111: =ROUND(H110,-1) -> 16280
...

Sheet 06
A2: 06. Formwork
B4: A. | C4: Column
B5: B. | C5: Beam
B6: C. | C6: Slab
D8: Column
A10: 06.A.01 | C10: Sawn timber formwork to 9" x 9" cement concrete column in ground floor.
E11: Analysis for | F11: 0.15 | G11: Sq
B12: No | C12: Item Description | D12: Item Ref | E12: Unit | F12: Quantity | G12: Rate | H12: Amount
B13: 1.01 | C13: Sawn timber formwork to 9" x 9" cement concrete column in ground floor - Making Mould | D13: 06.A.02 | E13: 1 Use | F13: 1 | G13: =H42 -> 1181 | H13: =G13*F13 -> 1181
B14: 1.02 | C14: Bolts 16mm 18" (12 nos 20 uses) | D14: M-010 | E14: No | F14: =12/20 -> 0.6 | G14: ='Basic Rates'!E13 -> 75 | H14: =G14*F14 -> 45
B15: 1.03 | C15: Mould Oil | D15: M-071 | E15: litre | F15: 0.5 | G15: ='Basic Rates'!E74 -> 35 | H15: =G15*F15 -> 17.5
B16: 1.04 | C16: Timber props 4" x 2" | D16: M-144 | E16: L.ft | F16: =35/10 -> 3.5 | G16: ='Basic Rates'!E148 -> 65 | H16: =G16*F16 -> 227.5
B17: 1.05 | C17: Carpenter - assembling | D17: L-008 | E17: Day | F17: 0.25 | G17: ='Basic Rates'!J11 -> 3500 | H17: =G17*F17 -> 875
B18: 1.0599999 | C18: U / SK Labourer - assembling | D18: L-007 | E18: Day | F18: 0.25 | G18: ='Basic Rates'!J10 -> 2300 | H18: =G18*F18 -> 575
B19: 1.0700001 | C19: Carpenter - dismantling, cleaning & repairing | D19: L-008 | E19: Day | F19: 0.25 | G19: ='Basic Rates'!J11 -> 3500 | H19: =G19*F19 -> 875
B20: 1.08 | C20: U / SK Labourer - dismantling, cleaning & repairing | D20: L-007 | E20: Day | F20: 0.25 | G20: ='Basic Rates'!J10 -> 2300 | H20: =G20*F20 -> 575 | L20: =0.25+0.5 -> 0.75
D21: Total for | E21: =$F$11 -> 0.15 | F21: =$G$11 -> Sq | H21: =SUM(H13:H20) -> 4371
D22: Rate for 1 | E22: =$G$11 -> Sq | H22: =H21/F11 -> 29140 | L22: =1100000 -> 1100000
D23: Rate(Say) | G23: 1Sq | H23: =ROUND(H22,0) -> 29140 | L23: =L22*18/100 -> 198000
D24: Rate(Say) | G24: 1ft2 | H24: =H23/100 -> 291.4 | L24: =L23/12 -> 16500
D25: Rate(Say) | G25: 1m2 | H25: =H24*10.76 -> 3135.464 | L25: =L24*4 -> 66000
D26: Ground floor - First Floor | G26: 1m2 | H26: =H25 -> 3135.464
D27: First Floor - Second Floor | G27: 1m2 | H27: =H26*1.1 -> 3449.0104
D28: Second Floor - Third Floor | G28: 1m2 | H28: =H27*1.1 -> 3793.9114
D29: Third Floor - Fourth Floor | G29: 1m2 | H29: =H28*1.1 -> 4173.3026
A31: 06.A.02 | C31: Sawn timber formwork to 9" x 9" cement concrete column in ground floor - Making Mould
E32: Analysis for | F32: 4 | G32: Uses
B33: No | C33: Item Description | D33: Item Ref | E33: Unit | F33: Quantity | G33: Rate | H33: Amount
B34: 1.01 | C34: 1" Thick Class II Timber | D34: M-141 | E34: Sq.ft | F34: 18.15 | G34: ='Basic Rates'!E145 -> 65 | H34: =G34*F34 -> 1179.75
B35: 1.02 | C35: 2" x 2" Class II Timber In Yokes | D35: M-143 | E35: L.ft | F35: 17.1 | G35: ='Basic Rates'!E147 -> 22 | H35: =G35*F35 -> 376.2
B36: 1.03 | C36: 2" x 1" Class II Timber Battens. | D36: M-142 | E36: L.ft | F36: 16.12 | G36: ='Basic Rates'!E146 -> 12 | H36: =G36*F36 -> 193.44
B37: 1.04 | C37: Wire Nails | D37: M-161 | E37: Lbs | F37: 1.5 | G37: ='Basic Rates'!E165 -> 50 | H37: =G37*F37 -> 75
B38: 1.05 | C38: Carpenter | D38: L-008 | E38: Day | F38: 0.5 | G38: ='Basic Rates'!J11 -> 3500 | H38: =G38*F38 -> 1750
B39: 1.0599999 | C39: U / SK Labourer | D39: L-007 | E39: Day | F39: 0.5 | G39: ='Basic Rates'!J10 -> 2300 | H39: =G39*F39 -> 1150
D40: Total for | E40: =$F$32 -> 4 | F40: =$G$32 -> Uses | H40: =SUM(H34:H39) -> 4724.39
D41: Rate for 1 | E41: =$G$32 -> Uses | H41: =H40/F32 -> 1181.0975
D42: Rate(Say) | G42: 1 Use | H42: =ROUND(H41,0) -> 1181
D44: Beam
A46: 06.B.01 | C46: Sawn timber formwork for concrete beams in ground floor
E47: Analysis for | F47: 0.55 | G47: Sq
B48: No | C48: Item Description | D48: Item Ref | E48: Unit | F48: Quantity | G48: Rate | H48: Amount
B49: 1.01 | C49: Sawn timber formwork for 9" x 12" concrete beams in ground floor - Making the mould | D49: 06.B.02 | E49: 1 Use | F49: 1 | G49: =H81 -> 4270 | H49: =G49*F49 -> 4270
B50: 1.02 | C50: Sawn timber formwork for concrete beams in ground floor-Assembling | D50: 06.B.03 | E50: 1 Use | F50: 1 | G50: =H92 -> 1568 | H50: =G50*F50 -> 1568
B51: 1.03 | C51: Allow 10% of Items ( 1.02 ) for Repairs | D51: - | E51: - | F51: - | G51: - | H51: =H50*10/100 -> 156.8
B52: 1.04 | C52: Carpenter - Assembling | D52: L-008 | E52: Day | F52: 1 | G52: ='Basic Rates'!$J$11 -> 3500 | H52: =G52*F52 -> 3500
B53: 1.05 | C53: U / SK Labourer - Assembling | D53: L-007 | E53: Day | F53: 2 | G53: ='Basic Rates'!$J$10 -> 2300 | H53: =G53*F53 -> 4600
B54: 1.0599999 | C54: Mould Oil | D54: M-071 | E54: litre | F54: 0.5 | G54: ='Basic Rates'!$E$74 -> 35 | H54: =G54*F54 -> 17.5
B55: 1.0700001 | C55: Wire Nails | D55: M-161 | E55: Lbs | F55: 0.5 | G55: ='Basic Rates'!$E$150 -> 65 | H55: =G55*F55 -> 32.5
B56: 1.08 | C56: Carpenter - dismantling, cleaning & repairing | D56: L-008 | E56: Day | F56: 0.5 | G56: ='Basic Rates'!$J$11 -> 3500 | H56: =G56*F56 -> 1750
B57: 1.09 | C57: U / SK Labourer - dismantling, cleaning & repairing | D57: L-007 | E57: Day | F57: 2 | G57: ='Basic Rates'!$J$10 -> 2300 | H57: =G57*F57 -> 4600
D58: Total for | E58: =$F$47 -> 0.55 | F58: =$G$47 -> Sq | H58: =SUM(H49:H57) -> 20494.8
D59: Rate for 1 | E59: =$G$47 -> Sq | H59: =H58/F47 -> 37263.273
D60: Rate(Say) | G60: 1Sq | H60: =ROUND(H59,0) -> 37263
D61: Rate(Say) | G61: 1ft2 | H61: =H60/100 -> 372.63
D62: Rate(Say) | G62: 1m2 | H62: =H61*10.76 -> 4009.4988
D63: Ground floor | G63: 1m2 | H63: =H62 -> 4009.4988
D64: First Floor | G64: 1m2 | H64: =H63*1.1 -> 4410.4487
D65: Second Floor | G65: 1m2 | H65: =H64*1.1 -> 4851.4935
D66: Third Floor | G66: 1m2 | H66: =H65*1.1 -> 5336.6429
A69: 06.B.02 | C69: Sawn timber formwork for 9" x 12" concrete beams in ground floor - Making the mould
E70: Analysis for | F70: 4 | G70: Uses
B71: No | C71: Item Description | D71: Item Ref | E71: Unit | F71: Quantity | G71: Rate | H71: Amount
B72: 1.01 | C72: 1" Thick Class II Timber | D72: M-141 | E72: Sq.ft | F72: 60 | G72: ='Basic Rates'!E145 -> 65 | H72: =G72*F72 -> 3900
B73: 1.02 | C73: 2" x 1" Class II Timber Battens. | D73: M-142 | E73: L.ft | F73: 24 | G73: ='Basic Rates'!E146 -> 12 | H73: =G73*F73 -> 288
B74: 1.03 | C74: 2" x 2" Class II Timber In Yokes | D74: M-143 | E74: L.ft | F74: 45 | G74: ='Basic Rates'!E147 -> 22 | H74: =G74*F74 -> 990
B75: 1.04 | C75: 4"X2" Timber bearers | D75: M-144 | E75: L.ft | F75: 30 | G75: ='Basic Rates'!E148 -> 65 | H75: =G75*F75 -> 1950
B76: 1.05 | C76: Wire Nails | D76: M-161 | E76: Lbs | F76: 2 | G76: ='Basic Rates'!E165 -> 50 | H76: =G76*F76 -> 100
B77: 1.06 | C77: Carpenter | D77: L-008 | E77: Day | F77: 1.5 | G77: ='Basic Rates'!J11 -> 3500 | H77: =G77*F77 -> 5250
B78: 1.07 | C78: U / SK Labourer | D78: L-007 | E78: Day | F78: 2 | G78: ='Basic Rates'!J10 -> 2300 | H78: =G78*F78 -> 4600
D79: Total for | E79: =$F$70 -> 4 | F79: =$G$70 -> Uses | H79: =SUM(H72:H78) -> 17078
D80: Rate for 1 | E80: =$G$70 -> Uses | H80: =H79/F70 -> 4269.5
D81: Rate(Say) | G81: 1 Use | H81: =ROUND(H80,0) -> 4270
A83: 06.B.03 | C83: Sawn timber formwork for concrete beams in ground floor-Assembling - Materials
E84: Analysis for | F84: 6 | G84: Uses
B85: No | C85: Item Description | D85: Item Ref | E85: Unit | F85: Quantity | G85: Rate | H85: Amount
B86: 1.01 | C86: Timber props 4" x 2" | D86: M-144 | E86: L.ft | F86: 110 | G86: ='Basic Rates'!E148 -> 65 | H86: =G86*F86 -> 7150
B87: 1.02 | C87: 2" x 2" Class II Timber for bracings | D87: M-143 | E87: L.ft | F87: 80 | G87: ='Basic Rates'!E147 -> 22 | H87: =G87*F87 -> 1760
B88: 1.03 | C88: 1" Thick Class II Timber base plate | D88: M-141 | E88: Sq.ft | F88: 6 | G88: ='Basic Rates'!E145 -> 65 | H88: =G88*F88 -> 390
B89: 1.04 | C89: Timber Wedges | D89: M-151 | E89: No | F89: 22 | G89: ='Basic Rates'!E155 -> 5 | H89: =G89*F89 -> 110
D90: Total for | E90: =$F$84 -> 6 | F90: =$G$84 -> Uses | H90: =SUM(H86:H89) -> 9410
D91: Rate for 1 | E91: =$G$84 -> Uses | H91: =H90/F84 -> 1568.3333
D92: Rate(Say) | G92: 1 Use | H92: =ROUND(H91,0) -> 1568
D94: Slab
A96: 06.C.01 | C96: Sawn timber formwork for underside of first floor slab
E97: Analysis for | F97: 2 | G97: Sq
B98: No | C98: Item Description | D98: Item Ref | E98: Unit | F98: Quantity | G98: Rate | H98: Amount
B99: 1.01 | C99: Sawn timber formwork for 20" x 10" concrete slab in ground floor - Making panels | D99: 06.C.02 | E99: 1 Use | F99: 1 | G99: =H130 -> 9941 | H99: =G99*F99 -> 9941
B100: 1.02 | C100: Allow 20% of Items ( 1.01 ) for Repairs | D100: - | E100: - | F100: - | G100: - | H100: =H99*20/100 -> 1988.2
B101: 1.03 | C101: Sawn timber formwork for underside of first floor slab - assembling | D101: 06.C.03 | E101: Sq | F101: 1 | G101: =H141 -> 8176 | H101: =G101*F101 -> 8176
B102: 1.04 | C102: Allow 20% of Items ( 1.03 ) for Wastage | D102: - | E102: - | F102: - | G102: - | H102: =H101*20/100 -> 1635.2
B103: 1.04 | C103: Carpenter - Assembling | D103: L-008 | E103: Day | F103: 1 | G103: ='Basic Rates'!J11 -> 3500 | H103: =G103*F103 -> 3500
B104: 1.05 | C104: U / SK Labourer - Assembling | D104: L-007 | E104: Day | F104: 4 | G104: ='Basic Rates'!J10 -> 2300 | H104: =G104*F104 -> 9200
B105: 1.0599999 | C105: Mould Oil | D105: M-071 | E105: litre | F105: =1*4.54 -> 4.54 | G105: ='Basic Rates'!E74 -> 35 | H105: =G105*F105 -> 158.9
B106: 1.0700001 | C106: Wire Nails | D106: M-161 | E106: Lbs | F106: 2 | G106: ='Basic Rates'!E165 -> 50 | H106: =G106*F106 -> 100
B107: 1.08 | C107: Carpenter - dismantling, cleaning & repairing | D107: L-008 | E107: Day | F107: 0.5 | G107: ='Basic Rates'!J11 -> 3500 | H107: =G107*F107 -> 1750
B108: 1.09 | C108: U / SK Labourer - dismantling, cleaning & repairing | D108: L-007 | E108: Day | F108: 2 | G108: ='Basic Rates'!J10 -> 2300 | H108: =G108*F108 -> 4600
D109: Total for | E109: =$F$97 -> 2 | F109: =$G$97 -> Sq | H109: =SUM(H99:H108) -> 41049.3
D110: Rate for 1 | E110: =$G$97 -> Sq | H110: =H109/F97 -> 20524.65
D111: Rate(Say) | G111: 1Sq | H111: =ROUND(H110,0) -> 20525
D112: Rate(Say) | G112: 1ft2 | H112: =H111/100 -> 205.25
...

Sheet 07
A2: 07. Reinforcement
A4: 7.01 | C4: Tor steel reinforcement to lintels, slabs, beams or columns bent to shape, laid in position and tied with G.I. Wire as directed.
E5: Analysis for | F5: 1 | G5: Cwt.
B6: No | C6: Item Description | D6: Item Ref | E6: Unit | F6: Quantity | G6: Rate | H6: Amount
B7: 1.01 | C7: M.S./Tor Steel Rods including transport to site | D7: M-152 | E7: kg | F7: 50 | G7: ='Basic Rates'!E156 -> 68 | H7: =G7*F7 -> 3400
B8: 1.02 | C8: Allow 15% of Items ( 1.01 ) for Wastage | D8: - | E8: - | F8: - | G8: - | H8: =H7*15/100 -> 510
B9: 1.03 | C9: 16 BWG Binding Wire | D9: M-005 | E9: Lbs | F9: 1.5 | G9: ='Basic Rates'!E8 -> 560 | H9: =G9*F9 -> 840
B10: 1.04 | C10: Allow 1.5% of Items ( 1.01 ) for spaces or chairs | D10: - | E10: - | F10: - | G10: - | H10: =H7*0.015 -> 51
B11: 1.05 | C11: SK Labour | D11: L-003 | E11: Day | F11: 1 | G11: ='Basic Rates'!J6 -> 3500 | H11: =G11*F11 -> 3500
B12: 1.0599999 | C12: U / SK Labourer | D12: L-007 | E12: Day | F12: 1 | G12: ='Basic Rates'!J10 -> 2300 | H12: =G12*F12 -> 2300
D13: Total for | E13: =$F$5 -> 1 | F13: =$G$5 -> Cwt. | H13: =SUM(H7:H12) -> 10601
D14: Rate for 1 | E14: =$G$5 -> Cwt. | H14: =H13/F5 -> 10601
D15: Rate(Say) | G15: 1Cwt | H15: =ROUND(H14,0) -> 10601
D16: Rate(Say) | G16: 1Kg | H16: =H15/50 -> 212.02
A19: 7.02 | C19: Mild Steel reinforcement to lintels, slabs, beams or columns bent to shape, laid in position and tied with G.I. Wire as directed.
E20: Analysis for | F20: 1 | G20: Cwt.
B21: No | C21: Item Description | D21: Item Ref | E21: Unit | F21: Quantity | G21: Rate | H21: Amount
B22: 1.01 | C22: M.S./Tor Steel Rods including transport to site | D22: M-068 | E22: kg | F22: 50 | G22: ='Basic Rates'!E71 -> 68 | H22: =G22*F22 -> 3400
B23: 1.02 | C23: Allow 15% of Items ( 1.01 ) for Wastage | D23: - | E23: - | F23: - | G23: - | H23: =H22*15/100 -> 510
B24: 1.03 | C24: 16 BWG Binding Wire | D24: M-005 | E24: Lbs | F24: 1.5 | G24: ='Basic Rates'!$E$8 -> 560 | H24: =G24*F24 -> 840
B25: 1.04 | C25: SK Labour | D25: L-003 | E25: Day | F25: 1 | G25: ='Basic Rates'!$J$6 -> 3500 | H25: =G25*F25 -> 3500
B26: 1.05 | C26: U / SK Labourer | D26: L-007 | E26: Day | F26: 1 | G26: ='Basic Rates'!$J$10 -> 2300 | H26: =G26*F26 -> 2300
D27: Total for | E27: =$F$5 -> 1 | F27: =$G$5 -> Cwt. | H27: =SUM(H22:H26) -> 10550
D28: Rate for 1 | E28: =$G$5 -> Cwt. | H28: =H27/F20 -> 10550
D29: Rate(Say) | G29: 1Cwt | H29: =ROUND(H28,0) -> 10550
D30: Rate(Say) | G30: 1Kg | H30: =H29/50 -> 211

Sheet 08
A2: 08. Block Work
A4: 08.01 | C4: 8" Thick hollow block work in cement and sand mortar 1:5 in ground floor (Cavities unfilled)
E5: Analysis for | F5: 1 | G5: Sqr
B6: No | C6: Item Description | D6: Item Ref | E6: Unit | F6: Quantity | G6: Rate | H6: Amount
B7: 1.01 | C7: Hollow Cement Block (16"x 8"x 8") | D7: M-057 | E7: No | F7: 112 | G7: ='Basic Rates'!E60 -> 180 | H7: =G7*F7 -> 20160
B8: 1.02 | C8: Allow 5% of Items ( 1.01 ) for Wastage | D8: - | E8: - | F8: - | G8: - | H8: =H7*5/100 -> 1008
B9: 1.03 | C9: Cement | D9: M-026 | E9: Bag | F9: 0.75 | G9: ='Basic Rates'!E29 -> 2400 | H9: =G9*F9 -> 1800
B10: 1.04 | C10: Sand | D10: M-113 | E10: Cube | F10: 0.06 | G10: ='Basic Rates'!E116 -> 18000 | H10: =G10*F10 -> 1080
B11: 1.05 | C11: Mason | D11: L-009 | E11: Day | F11: 1.5 | G11: ='Basic Rates'!J12 -> 3500 | H11: =G11*F11 -> 5250
B12: 1.0599999 | C12: U / SK Labourer | D12: L-007 | E12: Day | F12: 2.5 | G12: ='Basic Rates'!J10 -> 2300 | H12: =G12*F12 -> 5750
B13: 1.0700001 | C13: Allow 3% of Items ( 1.05, 1.06 ) for Scaffolding | D13: - | E13: - | F13: - | G13: - | H13: =(H11+H12)*3/100 -> 330
D14: Total for | E14: =$F$5 -> 1 | F14: =$G$5 -> Sqr | H14: =SUM(H7:H13) -> 35378
D15: Rate for 1 | E15: =$G$5 -> Sqr | H15: =H14/F5 -> 35378
D16: Rate(Say) | G16: 1 Sq | H16: =ROUND(H15,0) -> 35378
D17: Rate(Say) | G17: 1ft2 | H17: =H16/100 -> 353.78
D18: Rate(Say) | G18: 1m2 | H18: =H17*10.76 -> 3806.6728
D19: Ground floor | G19: 1m2 | H19: =H18 -> 3806.6728
D20: First Floor | G20: 1m2 | H20: =H19*1.1 -> 4187.3401
D21: Second Floor | G21: 1m2 | H21: =H20*1.1 -> 4606.0741
D22: 3rd floor | G22: 1m2 | H22: =H21*1.1 -> 5066.6815
A24: 08.02 | C24: 6" Thick hollow block work in cement and sand mortar 1:5 with cavities unfilled.
E25: Analysis for | F25: 1 | G25: Sqr
B26: No | C26: Item Description | D26: Item Ref | E26: Unit | F26: Quantity | G26: Rate | H26: Amount
B27: 1.01 | C27: Hollow Cement Blocks (16"x 8"x 6") | D27: M-059 | E27: No | F27: 112 | G27: ='Basic Rates'!E62 -> 160 | H27: =G27*F27 -> 17920
B28: 1.02 | C28: Allow 5% of Items ( 1.01 ) for Wastage | D28: - | E28: - | F28: - | G28: - | H28: =H27*5/100 -> 896
B29: 1.03 | C29: Cement | D29: M-026 | E29: Bag | F29: 0.65 | G29: ='Basic Rates'!E29 -> 2400 | H29: =G29*F29 -> 1560
B30: 1.04 | C30: Sand | D30: M-113 | E30: Cube | F30: 0.07 | G30: ='Basic Rates'!E116 -> 18000 | H30: 51
B31: 1.05 | C31: Mason | D31: L-009 | E31: Day | F31: 1.5 | G31: ='Basic Rates'!J12 -> 3500 | H31: =G31*F31 -> 5250
B32: 1.0599999 | C32: U / SK Labourer | D32: L-007 | E32: Day | F32: 2 | G32: ='Basic Rates'!J10 -> 2300 | H32: =G32*F32 -> 4600
B33: 1.0700001 | C33: Allow 3% of Items ( 1.05, 1.06 ) for Scaffolding | D33: - | E33: - | F33: - | G33: - | H33: =(H31+H32)*3/100 -> 295.5
D34: Total for | E34: =$F$25 -> 1 | F34: =$G$25 -> Sqr | H34: =SUM(H27:H33) -> 30572.5
D35: Rate for 1 | E35: =$G$25 -> Sqr | H35: =H34/F25 -> 30572.5
D36: Rate(Say) | G36: 1 Sq | H36: =H35 -> 30572.5
D37: Rate(Say) | G37: 1ft2 | H37: =H36/100 -> 305.725
D38: Rate(Say) | G38: 1m2 | H38: =H37*10.76 -> 3289.601
D39: Ground floor | G39: 1m2 | H39: =H38 -> 3289.601
D40: First Floor | G40: 1m2 | H40: =H39*1.1 -> 3618.5611
D41: Second Floor | G41: 1m2 | H41: =H40*1.1 -> 3980.4172
D42: Third Floor | G42: 1m2 | H42: =H41*1.1 -> 4378.4589
A45: 08.03 | C45: 4" Thick hollow block work in cement and sand mortar 1:5 with cavities unfilled.
E46: Analysis for | F46: 1 | G46: Sqr
B47: No | C47: Item Description | D47: Item Ref | E47: Unit | F47: Quantity | G47: Rate | H47: Amount
B48: 1.01 | C48: Hollow Cement Blocks (16"x 8"x 4") | D48: M-058 | E48: No | F48: 112 | G48: ='Basic Rates'!E61 -> 100 | H48: =G48*F48 -> 11200
B49: 1.02 | C49: Allow 5% of Items ( 1.01 ) for Wastage | D49: - | E49: - | F49: - | G49: - | H49: =H48*5/100 -> 560
B50: 1.03 | C50: Cement | D50: M-026 | E50: Bag | F50: 0.4 | G50: ='Basic Rates'!E29 -> 2400 | H50: =G50*F50 -> 960
B51: 1.04 | C51: Sand | D51: M-113 | E51: Cube | F51: 0.03 | G51: ='Basic Rates'!E116 -> 18000 | H51: 51
B52: 1.05 | C52: Mason | D52: L-009 | E52: Day | F52: 1 | G52: ='Basic Rates'!J12 -> 3500 | H52: =G52*F52 -> 3500
B53: 1.0599999 | C53: U / SK Labourer | D53: L-007 | E53: Day | F53: 2 | G53: ='Basic Rates'!J10 -> 2300 | H53: =G53*F53 -> 4600
B54: 1.0700001 | C54: Allow 5% of Items ( 1.05, 1.06 ) for Scaffolding | D54: - | E54: - | F54: - | G54: - | H54: =(H52+H53)*5/100 -> 405
D55: Total for | E55: =$F$25 -> 1 | F55: =$G$25 -> Sqr | H55: =SUM(H48:H54) -> 21276
D56: Rate for 1 | E56: =$G$25 -> Sqr | H56: =H55/F46 -> 21276
D57: Rate(Say) | G57: 1 Sq | H57: =H56 -> 21276
D58: Rate(Say) | G58: 1ft2 | H58: =H57/100 -> 212.76
D59: Rate(Say) | G59: 1m2 | H59: =H58*10.76 -> 2289.2976
D60: Ground floor | G60: 1m2 | H60: =H59 -> 2289.2976
D61: First Floor | G61: 1m2 | H61: =H60*1.1 -> 2518.2274
D62: Second Floor | G62: 1m2 | H62: =H61*1.1 -> 2770.0501
D63: Third Floor | G63: 1m2 | H63: =H62*1.1 -> 3047.0551

Sheet 09
A2: 09. Brick Work
A4: 09.01 | C4: Brick Work in cement sand 1:5 in 4-1/2" thick walls in ground floor
E5: Analysis for | F5: 1 | G5: Sqr
B6: No | C6: Item Description | D6: Item Ref | E6: Unit | F6: Quantity | G6: Rate | H6: Amount
B7: 1.01 | C7: Bricks | D7: M-019 | E7: No | F7: 550 | G7: ='Basic Rates'!E22 -> 20 | H7: =G7*F7 -> 11000
B8: 1.02 | C8: Allow 5% of Items ( 1.01 ) for Wastage | D8: - | E8: - | F8: - | G8: - | H8: =H7*5/100 -> 550
B9: 1.03 | C9: Cement | D9: M-026 | E9: Bag | F9: 1.3 | G9: ='Basic Rates'!E29 -> 2400 | H9: =G9*F9 -> 3120
B10: 1.04 | C10: Sand | D10: M-113 | E10: Cu | F10: 0.1 | G10: ='Basic Rates'!E116 -> 18000 | H10: =G10*F10 -> 1800
B11: 1.05 | C11: Water | D11: M-157 | E11: Gal | F11: 50 | G11: ='Basic Rates'!E161 -> 0.3 | H11: =G11*F11 -> 15
B12: 1.06 | C12: Mason | D12: L-009 | E12: Day | F12: 1.5 | G12: ='Basic Rates'!J12 -> 3500 | H12: =G12*F12 -> 5250
B13: 1.07 | C13: U / SK Labourer | D13: L-007 | E13: Day | F13: 2 | G13: ='Basic Rates'!J10 -> 2300 | H13: =G13*F13 -> 4600
B14: 1.08 | C14: Allow 5% of Items (1.06, 1.07 ) for Scaffolding | D14: - | E14: - | F14: - | G14: - | H14: =(H12+H13)*5/100 -> 492.5
D15: Total for | E15: =$F$5 -> 1 | F15: =$G$5 -> Sqr | H15: =SUM(H7:H14) -> 26827.5
D16: Rate for 1 | E16: =$G$5 -> Sqr | H16: =H15/F5 -> 26827.5
D17: Rate(Say) | G17: 1 Sq | H17: =ROUND(H16,0) -> 26828
D18: Rate(Say) | G18: 1ft2 | H18: =H17/100 -> 268.28
D19: Rate(Say) | G19: 1m2 | H19: =H18*10.76 -> 2886.6928
D20: Ground floor | G20: 1m2 | H20: =H19 -> 2886.6928
D21: First Floor | G21: 1m2 | H21: =H20*1.05 -> 3031.0274
D22: Second Floor | G22: 1m2 | H22: =H21*1.05 -> 3182.5788
D23: Third Floor | G23: 1m2 | H23: =H22*1.05 -> 3341.7078
A25: 09.02 | C25: 9" thick brick wall cement sand 1:5 in ground floor
E26: Analysis for | F26: 1 | G26: Sqr
B27: No | C27: Item Description | D27: Item Ref | E27: Unit | F27: Quantity | G27: Rate | H27: Amount
B28: 1.01 | C28: Bricks | D28: M-019 | E28: No | F28: 1090 | G28: ='Basic Rates'!E22 -> 20 | H28: =G28*F28 -> 21800
B29: 1.02 | C29: Allow 5% of Items ( 1.01 ) for Wastage | D29: - | E29: - | F29: - | G29: - | H29: =H28*5/100 -> 1090
B30: 1.03 | C30: Cement | D30: M-026 | E30: Bag | F30: 3 | G30: ='Basic Rates'!E29 -> 2400 | H30: =G30*F30 -> 7200
B31: 1.04 | C31: Sand | D31: M-113 | E31: Cu | F31: 0.2 | G31: ='Basic Rates'!E116 -> 18000 | H31: =G31*F31 -> 3600
B32: 1.05 | C32: Water | D32: M-157 | E32: Gal | F32: 115 | G32: ='Basic Rates'!E161 -> 0.3 | H32: =G32*F32 -> 34.5
B33: 1.06 | C33: Mason | D33: L-009 | E33: Day | F33: 2.25 | G33: ='Basic Rates'!J12 -> 3500 | H33: =G33*F33 -> 7875
B34: 1.07 | C34: U / SK Labour | D34: L-007 | E34: Day | F34: 3.75 | G34: ='Basic Rates'!J10 -> 2300 | H34: =G34*F34 -> 8625
B35: 1.08 | C35: Allow 3% of Items (1.06, 1.07 ) for Scaffolding | D35: - | E35: - | F35: - | G35: - | H35: =(H33+H34)*3/100 -> 495
D36: Total for | E36: =$F$26 -> 1 | F36: =$G$26 -> Sqr | H36: =SUM(H28:H35) -> 50719.5
D37: Rate for 1 | E37: =$G$26 -> Sqr | H37: =H36/F26 -> 50719.5
D38: Rate(Say) | G38: 1 Sq | H38: =ROUND(H37,0) -> 50720
D39: Rate(Say) | G39: 1ft2 | H39: =H38/100 -> 507.2
D40: Rate(Say) | G40: 1m2 | H40: =H39*10.76 -> 5457.472
D41: Ground floor | G41: 1m2 | H41: =H40 -> 5457.472
D42: First Floor | G42: 1m2 | H42: =H41*1.05 -> 5730.3456
D43: Second Floor | G43: 1m2 | H43: =H42*1.05 -> 6016.8629
D44: Third Floor | G44: 1m2 | H44: =H43*1.05 -> 6317.706
A46: 09.03 | C46: Brick work in cement sand 1:5 in foundation upto D. P. C
E47: Analysis for | F47: 1 | G47: Cube
B48: No | C48: Item Description | D48: Item Ref | E48: Unit | F48: Quantity | G48: Rate | H48: Amount
B49: 1.01 | C49: Bricks | D49: M-019 | E49: No | F49: 1450 | G49: ='Basic Rates'!E22 -> 20 | H49: =G49*F49 -> 29000
B50: 1.02 | C50: Allow 5% of Items ( 1.01 ) for Wastage | D50: - | E50: - | F50: - | G50: - | H50: =H49*5/100 -> 1450
B51: 1.03 | C51: Cement | D51: M-026 | E51: Bag | F51: 4 | G51: ='Basic Rates'!E29 -> 2400 | H51: =G51*F51 -> 9600
B52: 1.04 | C52: Sand | D52: M-113 | E52: Cu | F52: 0.25 | G52: ='Basic Rates'!E116 -> 18000 | H52: =G52*F52 -> 4500
B53: 1.05 | C53: Water | D53: M-157 | E53: Gal | F53: 150 | G53: ='Basic Rates'!E161 -> 0.3 | H53: =G53*F53 -> 45
B54: 1.06 | C54: Mason | D54: L-009 | E54: Day | F54: 3 | G54: ='Basic Rates'!J12 -> 3500 | H54: =G54*F54 -> 10500
B55: 1.07 | C55: U / SK Labourer | D55: L-007 | E55: Day | F55: 4 | G55: ='Basic Rates'!J10 -> 2300 | H55: =G55*F55 -> 9200
D56: Total for | E56: =$F$47 -> 1 | F56: =$G$47 -> Cube | H56: =SUM(H49:H55) -> 64295
D57: Rate for 1 | E57: =$G$47 -> Cube | H57: =H56/F47 -> 64295
D58: Rate(Say) | G58: 1 Cu | H58: =ROUND(H57,0) -> 64295
D59: Rate(Say) | G59: 1ft3 | H59: =H58/100 -> 642.95
D60: Rate(Say) | G60: 1m3 | H60: =H58/2.83 -> 22719.081
A62: 09.04 | C62: Brick Work in cement sand 1:8 in foundation upto D. P. C
E63: Analysis for | F63: 1 | G63: Cube
B64: No | C64: Item Description | D64: Item Ref | E64: Unit | F64: Quantity | G64: Rate | H64: Amount
B65: 1.01 | C65: Bricks | D65: M-019 | E65: No | F65: 1450 | G65: ='Basic Rates'!E22 -> 20 | H65: =G65*F65 -> 29000
B66: 1.02 | C66: Allow 5% of Items ( 1.01 ) for Wastage | D66: - | E66: - | F66: - | G66: - | H66: =H65*5/100 -> 1450
B67: 1.03 | C67: Cement | D67: M-026 | E67: Bag | F67: 2.333 | G67: ='Basic Rates'!E29 -> 2400 | H67: =G67*F67 -> 5599.2
B68: 1.04 | C68: Sand | D68: M-113 | E68: Cu | F68: 0.375 | G68: ='Basic Rates'!E116 -> 18000 | H68: =G68*F68 -> 6750
B69: 1.05 | C69: Water | D69: M-157 | E69: Gal | F69: 150 | G69: ='Basic Rates'!E161 -> 0.3 | H69: =G69*F69 -> 45
B70: 1.06 | C70: Mason | D70: L-009 | E70: Day | F70: 3 | G70: ='Basic Rates'!J12 -> 3500 | H70: =G70*F70 -> 10500
B71: 1.07 | C71: U / SK Labourer | D71: L-007 | E71: Day | F71: 4 | G71: ='Basic Rates'!J10 -> 2300 | H71: =G71*F71 -> 9200
D72: Total for | E72: =$F$63 -> 1 | F72: =$G$63 -> Cube | H72: =SUM(H65:H71) -> 62544.2
D73: Rate for 1 | E73: =$G$63 -> Cube | H73: =H72/F63 -> 62544.2
D74: Rate(Say) | G74: 1 Cu | H74: =ROUND(H73,0) -> 62544
D75: Rate(Say) | G75: 1ft3 | H75: =H74/100 -> 625.44
D76: Rate(Say) | G76: 1m3 | H76: =H74/2.83 -> 22100.353
A78: 09.05 | C78: Brick Work 13 1/2" thick in cement sand 1:5 in superstructure in ground floor
E79: Analysis for | F79: 1 | G79: Sqr
B80: No | C80: Item Description | D80: Item Ref | E80: Unit | F80: Quantity | G80: Rate | H80: Amount
B81: 1.01 | C81: Bricks | D81: M-019 | E81: No | F81: 1630 | G81: ='Basic Rates'!E22 -> 20 | H81: =G81*F81 -> 32600
B82: 1.02 | C82: Allow 5% of Items ( 1.01 ) for wastage | D82: - | E82: - | F82: - | G82: - | H82: =(H81)*5/100 -> 1630
B83: 1.03 | C83: Cement | D83: M-026 | E83: Bag | F83: 4.5 | G83: ='Basic Rates'!E29 -> 2400 | H83: =G83*F83 -> 10800
B84: 1.04 | C84: Sand | D84: M-113 | E84: Cu | F84: 0.3 | G84: ='Basic Rates'!E116 -> 18000 | H84: =G84*F84 -> 5400
B85: 1.05 | C85: Water | D85: M-157 | E85: Gal | F85: 170 | G85: ='Basic Rates'!$E$161 -> 0.3 | H85: =G85*F85 -> 51
B86: 1.06 | C86: Mason | D86: L-009 | E86: Day | F86: 3.5 | G86: ='Basic Rates'!J12 -> 3500 | H86: =G86*F86 -> 12250
B87: 1.07 | C87: U / SK Labourer | D87: L-007 | E87: Day | F87: 5.5 | G87: ='Basic Rates'!J10 -> 2300 | H87: =G87*F87 -> 12650
B88: 1.08 | C88: Allow 2% of Items (1.06, 1.07 ) for Scaffolding | D88: - | E88: - | F88: - | G88: - | H88: =(H86+H87)*2/100 -> 498
D89: Total for | E89: =$F$79 -> 1 | F89: =$G$79 -> Sqr | H89: =SUM(H81:H88) -> 75879
D90: Rate for 1 | E90: =$G$79 -> Sqr | H90: =H89/F79 -> 75879
D91: Rate(Say) | G91: 1 Sq | H91: =ROUND(H90,0) -> 75879
D92: Rate(Say) | G92: 1ft2 | H92: =H91/100 -> 758.79
D93: Rate(Say) | G93: 1m2 | H93: =H92*10.76 -> 8164.5804
D94: Ground floor | G94: 1m2 | H94: =H93 -> 8164.5804
D95: First Floor | G95: 1m2 | H95: =H94*1.1 -> 8981.0384
D96: Second Floor | G96: 1m2 | H96: =H95*1.1 -> 9879.1423
D97: Third Floor | G97: 1m2 | H97: =H96*1.1 -> 10867.057
A99: 09.06 | C99: 9" Brick Walls in cement sand 1:8 in superstructure in ground floor
E100: Analysis for | F100: 1 | G100: Sqr
B101: No | C101: Item Description | D101: Item Ref | E101: Unit | F101: Quantity | G101: Rate | H101: Amount
B102: 1.01 | C102: Bricks | D102: M-019 | E102: No | F102: 1090 | G102: ='Basic Rates'!E22 -> 20 | H102: =G102*F102 -> 21800
B103: 1.02 | C103: Allow 5% of Items ( 1.01 ) for Wastage | D103: - | E103: - | F103: - | G103: - | H103: =(H102)*5/100 -> 1090
B104: 1.03 | C104: Cement | D104: M-026 | E104: Bag | F104: 1.75 | G104: ='Basic Rates'!E29 -> 2400 | H104: =G104*F104 -> 4200
B105: 1.04 | C105: Sand | D105: M-113 | E105: Cu | F105: 0.3 | G105: ='Basic Rates'!E116 -> 18000 | H105: =G105*F105 -> 5400
B106: 1.05 | C106: Water | D106: M-157 | E106: Gal | F106: 115 | G106: ='Basic Rates'!E161 -> 0.3 | H106: =G106*F106 -> 34.5
B107: 1.06 | C107: Mason | D107: L-009 | E107: Day | F107: 2.25 | G107: ='Basic Rates'!J12 -> 3500 | H107: =G107*F107 -> 7875
...

Sheet 10
A2: 10. Roof Covering and Ceiling
B4: A. | C4: Roof Frame & Roof Covering
B5: B. | C5: Roof Plumbing
A7: Roof frame & Roof Covering
A9: 10.A.01 | C9: Timber framework for culicut pattern tile hip roof in single storey building consisting of wall plate , beam, ridge plate, rafters etc.(Preservative treatment to be measured separately)
E10: Analysis for | F10: 6 | G10: Sqrs
B11: No | C11: Item Description | D11: Item Ref | E11: Unit | F11: Quantity | G11: Rate | H11: Amount
B12: 1.01 | C12: Timber Class I | D12: M-136 | E12: Cu.ft | F12: 34 | G12: ='Basic Rates'!$E$139 -> 1200 | H12: =G12*F12 -> 40800
B13: 1.02 | C13: Allow 10% of Items ( 1.01 ) for Wastage | D13: - | E13: - | F13: - | G13: - | H13: =(H12)*10/100 -> 4080
B14: 1.03 | C14: 2"X1" Reepers | D14: M-149 | E14: L.ft | F14: 660 | G14: ='Basic Rates'!$E$153 -> 12 | H14: =G14*F14 -> 7920
B15: 1.04 | C15: Allow 5% of Items ( 1.03 ) for Wastage | D15: - | E15: - | F15: - | G15: - | H15: =(H14)*5/100 -> 396
B16: 1.05 | C16: Wire Nails 6" Long | D16: M-163 | E16: Lbs | F16: 8 | G16: ='Basic Rates'!E167 -> 25 | H16: =G16*F16 -> 200
B17: 1.0599999 | C17: Wire Nails 2" Long | D17: M-162 | E17: Lbs | F17: 2 | G17: ='Basic Rates'!E166 -> 25 | H17: =G17*F17 -> 50
B18: 1.0700001 | C18: Carpenter | D18: L-008 | E18: Day | F18: 7 | G18: ='Basic Rates'!$J$11 -> 3500 | H18: =G18*F18 -> 24500
B19: 1.08 | C19: U / SK Labourer | D19: L-007 | E19: Day | F19: 8 | G19: ='Basic Rates'!$J$10 -> 2300 | H19: =G19*F19 -> 18400
D20: Total for | E20: =$F$10 -> 6 | F20: =$G$10 -> Sqrs | H20: =SUM(H12:H19) -> 96346
D21: Rate for 1 | E21: =$G$10 -> Sqrs | H21: =H20/F10 -> 16057.667
D22: Rate(Say) | H22: =ROUND(H21,0) -> 16058
A24: 10.A.02 | C24: Roof Covering With calicut pattern clay tiles in single storeyed building
E25: Analysis for | F25: 6 | G25: Sqrs
B26: No | C26: Item Description | D26: Item Ref | E26: Unit | F26: Quantity | G26: Rate | H26: Amount
B27: 1.01 | C27: Tiles | D27: M-108 | E27: No | F27: 750 | G27: ='Basic Rates'!E111 -> 16 | H27: =G27*F27 -> 12000
B28: =B27+0.01 -> 1.02 | C28: Carpenter | D28: L-008 | E28: Day | F28: 3 | G28: ='Basic Rates'!$J$11 -> 3500 | H28: =G28*F28 -> 10500
B29: =B28+0.01 -> 1.03 | C29: U / SK Labourer | D29: L-007 | E29: Day | F29: 3 | G29: ='Basic Rates'!$J$10 -> 2300 | H29: =G29*F29 -> 6900
D30: Total for | E30: =$F$25 -> 6 | F30: =$G$25 -> Sqrs | H30: =SUM(H27:H29) -> 29400
D31: Rate for 1 | E31: =$G$25 -> Sqrs | H31: =H30/F25 -> 4900
D32: Rate(Say) | H32: =ROUND(H31,0) -> 4900
A34: 10.A.03 | C34: Timber framework for corrugated asbestos sheet roof in single storeyed building
E35: Analysis for | F35: 3.6 | G35: Sqrs
B36: No | C36: Item Description | D36: Item Ref | E36: Unit | F36: Quantity | G36: Rate | H36: Amount
B37: 1.01 | C37: Timber Class I | D37: M-136 | E37: Cu.ft | F37: 13.25 | G37: ='Basic Rates'!$E$139 -> 1200 | H37: =G37*F37 -> 15900
B38: 1.02 | C38: Allow 10% of Items ( 1.01 ) for Wastage | D38: - | E38: - | F38: - | G38: - | H38: =H37*10/100 -> 1590
B39: 1.03 | C39: Carpenter | D39: L-008 | E39: Day | F39: 2.5 | G39: ='Basic Rates'!$J$11 -> 3500 | H39: =G39*F39 -> 8750
B40: 1.04 | C40: U / SK Labourer | D40: L-007 | E40: Day | F40: 3 | G40: ='Basic Rates'!$J$10 -> 2300 | H40: =G40*F40 -> 6900
D41: Total for | E41: =$F$35 -> 3.6 | F41: =$G$35 -> Sqrs | H41: =SUM(H37:H40) -> 33140
D42: Rate for 1 | E42: =$G$35 -> Sqrs | H42: =H41/F35 -> 9205.5556
D43: Rate(Say) | H43: =ROUND(H42,0) -> 9206
A45: 10.A.04 | C45: Roof covering with corrugated asbestos sheets (Timber frame work and ridge covering measured separately)
E46: Analysis for | F46: 3.6 | G46: Sqrs
B47: No | C47: Item Description | D47: Item Ref | E47: Unit | F47: Quantity | G47: Rate | H47: Amount
B48: 1.01 | C48: Asbestos Corrugated | D48: M-003 | E48: Sq.ft | F48: 420 | G48: ='Basic Rates'!E6 -> 26 | H48: =G48*F48 -> 10920
B49: =B48+0.01 -> 1.02 | C49: Roofing Screws and Washers | D49: M109 | E49: No | F49: 72 | G49: ='Basic Rates'!E112 -> 3.5 | H49: =G49*F49 -> 252
B50: =B49+0.01 -> 1.03 | C50: Carpenter | D50: L-008 | E50: Day | F50: 1 | G50: ='Basic Rates'!$J$11 -> 3500 | H50: =G50*F50 -> 3500
B51: =B50+0.01 -> 1.04 | C51: U / SK Labourer | D51: L-007 | E51: Day | F51: 2 | G51: ='Basic Rates'!$J$10 -> 2300 | H51: =G51*F51 -> 4600
D52: Total for | E52: =$F$46 -> 3.6 | F52: =$G$46 -> Sqrs | H52: =SUM(H48:H51) -> 19272
D53: Rate for 1 | E53: =$G$46 -> Sqrs | H53: =H52/F46 -> 5353.3333
D54: Rate(Say) | H54: =ROUND(H53,0) -> 5353
A56: 10.A.05 | C56: One layer half round clay tiles over corrugated asbestos roof covering
E57: Analysis for | F57: 1 | G57: Sqr
B58: No | C58: Item Description | D58: Item Ref | E58: Unit | F58: Quantity | G58: Rate | H58: Amount
B59: 1.01 | C59: Half Round Clay Tiles | D59: M-056 | E59: No | F59: 650 | G59: ='Basic Rates'!E59 -> 5 | H59: =G59*F59 -> 3250
B60: 1.02 | C60: U / SK Labourer | D60: L-007 | E60: Day | F60: 2 | G60: ='Basic Rates'!$J$10 -> 2300 | H60: =G60*F60 -> 4600
D61: Total for | E61: =$F$57 -> 1 | F61: =$G$57 -> Sqr | H61: =SUM(H59:H60) -> 7850
D62: Rate for 1 | E62: =$G$57 -> Sqr | H62: =H61/F57 -> 7850
D63: Rate(Say) | G63: 1 Sqr | H63: =ROUND(H62,0) -> 7850
A65: 10.A.06 | C65: Asbestos close fittings ridging fixed complete with roofing screws or bolts (hook)
E66: Analysis for | F66: 13.33 | G66: L.ft.
B67: No | C67: Item Description | D67: Item Ref | E67: Unit | F67: Quantity | G67: Rate | H67: Amount
B68: 1.01 | C68: Ridges 3' 8" Long - Asbestos | D68: M-106 | E68: Pair | F68: 4 | G68: ='Basic Rates'!E109 -> 245 | H68: =G68*F68 -> 980
B69: 1.02 | C69: Roofing Screws or Bolts | D69: M-110 | E69: No | F69: 16 | G69: ='Basic Rates'!E113 -> 3.5 | H69: =G69*F69 -> 56
B70: 1.03 | C70: Carpenter | D70: L-008 | E70: Day | F70: 0.25 | G70: ='Basic Rates'!$J$11 -> 3500 | H70: =G70*F70 -> 875
B71: 1.04 | C71: U / SK Labourer | D71: L-007 | E71: Day | F71: 0.25 | G71: ='Basic Rates'!$J$10 -> 2300 | H71: =G71*F71 -> 575
D72: Total for | E72: =$F$66 -> 13.33 | F72: =$G$66 -> L.ft. | H72: =SUM(H68:H71) -> 2486
D73: Rate for 1 | E73: =$G$66 -> L.ft. | H73: =H72/F66 -> 186.49662
D74: Rate(Say) | G74: 1 L.ft | H74: =ROUND(H73,0) -> 186
K75: =33+1.5 -> 34.5
A76: 10.A.07 | C76: Ridging covering with calicut pattern ridge tiles bedded in cement lime mortar 1:1:4 | K76: =K75+1.5 -> 36
E77: Analysis for | F77: 12 | G77: L.ft. | K77: =K76+1.5 -> 37.5
B78: No | C78: Item Description | D78: Item Ref | E78: Unit | F78: Quantity | G78: Rate | H78: Amount | K78: =K77+1.5 -> 39
B79: 1.01 | C79: Ridge Tiles | D79: M-105 | E79: No | F79: 9 | G79: ='Basic Rates'!E108 -> 35 | H79: =G79*F79 -> 315 | K79: =K78+1.5 -> 40.5
B80: 1.02 | C80: Cement | D80: M-o26 | E80: Bag | F80: 0.333 | G80: ='Basic Rates'!E29 -> 2400 | H80: =G80*F80 -> 799.2 | K80: =K79+1.5 -> 42
B81: 1.03 | C81: Sand | D81: M-113 | E81: Cu | F81: 0.02 | G81: ='Basic Rates'!E116 -> 18000 | H81: =G81*F81 -> 360 | K81: =K80+1.5 -> 43.5
B82: 1.04 | C82: Slaked Lime | D82: M-115 | E82: Lbs | F82: 15 | G82: ='Basic Rates'!E118 -> 275 | H82: =G82*F82 -> 4125 | K82: =K81+1.5 -> 45
B83: 1.05 | C83: Colouring Powder | D83: M-036 | E83: Lbs | F83: 0.5 | G83: ='Basic Rates'!E39 -> 175 | H83: =G83*F83 -> 87.5 | K83: =K82+1.5 -> 46.5
B84: 1.0599999 | C84: Mason | D84: L-009 | E84: Day | F84: 0.25 | G84: ='Basic Rates'!J12 -> 3500 | H84: =G84*F84 -> 875 | K84: =K83+1.5 -> 48
B85: 1.0700001 | C85: U / SK Labourer | D85: L-007 | E85: Day | F85: 0.25 | G85: ='Basic Rates'!$J$10 -> 2300 | H85: =G85*F85 -> 575 | K85: =K84+1.5 -> 49.5
D86: Total for | E86: =$F$77 -> 12 | F86: =$G$77 -> L.ft. | H86: =SUM(H79:H85) -> 7136.7 | K86: =K85+1.5 -> 51
D87: Rate for 1 | E87: =$G$77 -> L.ft. | H87: =H86/F77 -> 594.725
D88: Rate(Say) | H88: =ROUND(H87,0) -> 595
A90: 10.A.08 | C90: 3/4" X 9" high valance board fixed with brass screws to ends of rafters (For tile roofing) | J90: valance board
E91: Analysis for | F91: 100 | G91: L.ft.
B92: No | C92: Item Description | D92: Item Ref | E92: Unit | F92: Quantity | G92: Rate | H92: Amount
B93: 1.01 | C93: 1" Planks | D93: M-147 | E93: Sq.ft | F93: 75 | G93: ='Basic Rates'!$E$151 -> 65 | H93: =G93*F93 -> 4875
B94: 1.02 | C94: Allow 5% of Items ( 1.01 ) for Wastage | D94: - | E94: - | F94: - | G94: - | H94: =H93*5/100 -> 243.75
B95: 1.03 | C95: Brass Screws 1 1/2" | D95: M-015 | E95: No | F95: 100 | G95: ='Basic Rates'!E18 -> 3.75 | H95: =G95*F95 -> 375
B96: 1.04 | C96: Carpenter | D96: L-008 | E96: Day | F96: 3 | G96: ='Basic Rates'!$J$11 -> 3500 | H96: =G96*F96 -> 10500
B97: 1.05 | C97: U / SK Labourer | D97: L-007 | E97: Day | F97: 3 | G97: ='Basic Rates'!$J$10 -> 2300 | H97: =G97*F97 -> 6900
B98: 1.0599999 | C98: Allow 5% of Items ( 1.04, 1.05 ) for Wastage | D98: - | E98: - | F98: - | G98: - | H98: =(H97+H96)*5/100 -> 870
D99: Total for | E99: =$F$91 -> 100 | F99: =$G$91 -> L.ft. | H99: =SUM(H93:H98) -> 23763.75
D100: Rate for 1 | E100: =$G$91 -> L.ft. | H100: =H99/F91 -> 237.6375
D101: Rate(Say) | H101: =ROUND(H100,0) -> 238
A103: 10.A.09 | C103: 3/4" X 9" high barge board fixed with brass screws at 2 ft. 0"centres to side of rafters | J103: barge board
E104: Analysis for | F104: 100 | G104: L.ft.
B105: No | C105: Item Description | D105: Item Ref | E105: Unit | F105: Quantity | G105: Rate | H105: Amount
B106: 1.01 | C106: 1" Planks | D106: M-147 | E106: Sq.ft | F106: 75 | G106: ='Basic Rates'!$E$151 -> 65 | H106: =G106*F106 -> 4875
B107: 1.02 | C107: Allow 5% of Items ( 1.01 ) for Wastage | D107: - | E107: - | F107: - | G107: - | H107: =(H106)*5/100 -> 243.75
B108: 1.03 | C108: Brass Screws 1 1/2" | D108: M-015 | E108: No | F108: 50 | G108: ='Basic Rates'!E18 -> 3.75 | H108: =G108*F108 -> 187.5
B109: 1.04 | C109: Carpenter | D109: L-008 | E109: Day | F109: 3 | G109: ='Basic Rates'!$J$11 -> 3500 | H109: =G109*F109 -> 10500
B110: 1.05 | C110: U / SK Labourer | D110: L-007 | E110: Day | F110: 3 | G110: ='Basic Rates'!$J$10 -> 2300 | H110: =G110*F110 -> 6900
B111: 1.0599999 | C111: Allow 5% of Items ( 1.04, 1.05 ) for Scaffolding | D111: - | E111: - | F111: - | G111: - | H111: =(H109+H110)*5/100 -> 870
...

Sheet 11
A2: 11. Doors & Windows
B4: A. | C4: Doors & Windows
B5: B. | C5: Ironmongery
A8: Doors & Windows
A10: 11.A.01 | C10: Door Single Hung 3' 3" X7' 0" high overall with frame having 1 1/4" thick sash and 3 1/4" X 2 1/4 ft. timber frame(glazing, ironmongery & painting measured separately)
E11: Analysis for | F11: 22.75 | G11: Sq.ft
B12: No | C12: Item Description | D12: Item Ref | E12: Unit | F12: Quantity | G12: Rate | H12: Amount
B13: 1.01 | C13: 4"X3" Timber | D13: M-138 | E13: Cu.ft | F13: 1.5 | G13: ='Basic Rates'!$E$141 -> 1300 | H13: =G13*F13 -> 1950
B14: 1.02 | C14: Spur Stone | D14: M-118 | E14: No | F14: 2 | G14: ='Basic Rates'!$E$121 -> 15 | H14: =G14*F14 -> 30
B15: 1.03 | C15: Fibre / Plastic Plugs | D15: M-045 | E15: No | F15: 6 | G15: ='Basic Rates'!$E$48 -> 1.5 | H15: =G15*F15 -> 9
B16: 1.04 | C16: 4" Long Brass Screws | D16: M-018 | E16: No | F16: 6 | G16: ='Basic Rates'!$E$21 -> 7.5 | H16: =G16*F16 -> 45
B17: 1.05 | C17: 5/8" Mild Steel Dowels 4" Long. | D17: M-067 | E17: No | F17: 2 | G17: ='Basic Rates'!$E$70 -> 6 | H17: =G17*F17 -> 12
B18: 1.0599999 | C18: 1 1/2" Planks | D18: M-139 | E18: Sq.ft | F18: 14 | G18: ='Basic Rates'!$E$142 -> 140 | H18: =G18*F18 -> 1960
B19: 1.0700001 | C19: 1" Planks | D19: M-139a | E19: Sq.ft | F19: 5 | G19: ='Basic Rates'!$E$143 -> 110 | H19: =G19*F19 -> 550
B20: 1.08 | C20: Carpenter | D20: L-008 | E20: Day | F20: 5 | G20: ='Basic Rates'!$J$11 -> 3500 | H20: =G20*F20 -> 17500
B21: 1.09 | C21: U / SK Labourer | D21: L-007 | E21: Day | F21: 1.5 | G21: ='Basic Rates'!$J$10 -> 2300 | H21: =G21*F21 -> 3450
D22: Total for | E22: =$F$11 -> 22.75 | F22: =$G$11 -> Sq.ft | H22: =SUM(H13:H21) -> 25506
D23: Rate for 1 | E23: =$G$11 -> Sq.ft | H23: =H22/F11 -> 1121.1429
D24: Rate(Say) | H24: =ROUND(H23,0) -> 1121
A26: 11.A.02 | C26: Door glazed and paneled double hung 4' 0" x 7' 0" high overall with frame including 1 1/4" thick sash and 3 1/4 x 2 1/4" frame (Glazing, Ironmongory and painting measured separately)
E27: Analysis for | F27: 28 | G27: Sq.ft
B28: No | C28: Item Description | D28: Item Ref | E28: Unit | F28: Quantity | G28: Rate | H28: Amount
B29: 1.01 | C29: 4"X3" Timber | D29: M-138 | E29: Cu.ft | F29: 1.66 | G29: ='Basic Rates'!$E$141 -> 1300 | H29: =G29*F29 -> 2158
B30: 1.02 | C30: Spur Stone | D30: M-118 | E30: No | F30: 2 | G30: ='Basic Rates'!$E$121 -> 15 | H30: =G30*F30 -> 30
B31: 1.03 | C31: Fibre / Plastic Plugs | D31: M-045 | E31: No | F31: 6 | G31: ='Basic Rates'!$E$48 -> 1.5 | H31: =G31*F31 -> 9
B32: 1.04 | C32: 4" Long Brass Screws | D32: M-018 | E32: No | F32: 6 | G32: ='Basic Rates'!$E$21 -> 7.5 | H32: =G32*F32 -> 45
B33: 1.05 | C33: 5/8" Mild Steel Dowels 4" Long. | D33: M-067 | E33: No | F33: 2 | G33: ='Basic Rates'!$E$70 -> 6 | H33: =G33*F33 -> 12
B34: 1.0599999 | C34: 1 1/2" Planks | D34: M-139 | E34: Sq.ft | F34: 16 | G34: ='Basic Rates'!$E$142 -> 140 | H34: =G34*F34 -> 2240
B35: 1.0700001 | C35: 1" Planks | D35: M-139a | E35: Sq.ft | F35: 7 | G35: ='Basic Rates'!$E$143 -> 110 | H35: =G35*F35 -> 770
B36: 1.08 | C36: Carpenter | D36: L-008 | E36: Day | F36: 6 | G36: ='Basic Rates'!$J$11 -> 3500 | H36: =G36*F36 -> 21000
B37: 1.09 | C37: U / SK Labourer | D37: L-007 | E37: Day | F37: 2 | G37: ='Basic Rates'!$J$10 -> 2300 | H37: =G37*F37 -> 4600
D38: Total for | E38: =$F$27 -> 28 | F38: =$G$27 -> Sq.ft | H38: =SUM(H29:H37) -> 30864
D39: Rate for 1 | E39: =$G$27 -> Sq.ft | H39: =H38/F27 -> 1102.2857
D40: Rate(Say) | H40: =ROUND(H39,0) -> 1102
A42: 11.A.03 | C42: Plywood door single hung 3' 1-1/2" x 6' 11-1/2" overall with frame having 1-1/4" thick sash and 3 1/4" x 2 1/4" frame (Glazing, Ironmongory and painting measured separately)
E43: Analysis for | F43: 21.75 | G43: Sq.ft
B44: No | C44: Item Description | D44: Item Ref | E44: Unit | F44: Quantity | G44: Rate | H44: Amount
B45: 1.01 | C45: 4"X3" Timber | D45: M-138 | E45: Cu.ft | F45: 1.8 | G45: ='Basic Rates'!$E$141 -> 1300 | H45: =G45*F45 -> 2340
B46: 1.02 | C46: Spur Stone | D46: M-118 | E46: No | F46: 2 | G46: ='Basic Rates'!$E$121 -> 15 | H46: =G46*F46 -> 30
B47: 1.03 | C47: Fibre / Plastic Plugs | D47: M-045 | E47: No | F47: 6 | G47: ='Basic Rates'!$E$48 -> 1.5 | H47: =G47*F47 -> 9
B48: 1.04 | C48: 4" Long Brass Screws | D48: M-018 | E48: No | F48: 6 | G48: ='Basic Rates'!$E$21 -> 7.5 | H48: =G48*F48 -> 45
B49: 1.05 | C49: 6' 9" X 2' 9" Plywood Sash | D49: M-074 | E49: No | F49: 1 | G49: ='Basic Rates'!E77 -> 3900 | H49: =G49*F49 -> 3900
B50: 1.0599999 | C50: Carpenter | D50: L-008 | E50: Day | F50: 0.75 | G50: ='Basic Rates'!$J$11 -> 3500 | H50: =G50*F50 -> 2625
B51: 1.0700001 | C51: U / SK Labourer | D51: L-007 | E51: Day | F51: 0.375 | G51: ='Basic Rates'!$J$10 -> 2300 | H51: =G51*F51 -> 862.5
B52: 1.08 | C52: Mason - fixing frame | D52: L-009 | E52: Day | F52: 0.25 | G52: ='Basic Rates'!$J$12 -> 3500 | H52: =G52*F52 -> 875
B53: 1.09 | C53: U / SK Labourer - fixing frame | D53: L-007 | E53: Day | F53: 0.25 | G53: ='Basic Rates'!$J$10 -> 2300 | H53: =G53*F53 -> 575
D54: Total for | E54: =$F$43 -> 21.75 | F54: =$G$43 -> Sq.ft | H54: =SUM(H45:H53) -> 11261.5
D55: Rate for 1 | E55: =$G$43 -> Sq.ft | H55: =H54/F43 -> 517.77011
D56: Rate(Say) | H56: =ROUND(H55,0) -> 518
A58: 11.A.04 | C58: Door Ledged, braced and battened single hung 2' 6" x 6' 6" overall,with frame having 7/8" thick tongued & Grooved planks and 3-1/4" x 2-3/4"frame (Glazing, Ironmongory and painting measured separately)
E59: Analysis for | F59: 16.25 | G59: Sq.ft
B60: No | C60: Item Description | D60: Item Ref | E60: Unit | F60: Quantity | G60: Rate | H60: Amount
B61: 1.01 | C61: 4"X3" Timber | D61: M-138 | E61: Cu.ft | F61: 1.7 | G61: ='Basic Rates'!$E$141 -> 1300 | H61: =G61*F61 -> 2210
B62: 1.02 | C62: Spur Stone | D62: M-118 | E62: No | F62: 2 | G62: ='Basic Rates'!$E$121 -> 15 | H62: =G62*F62 -> 30
B63: 1.03 | C63: Fibre / Plastic Plugs | D63: M-045 | E63: No | F63: 6 | G63: ='Basic Rates'!$E$48 -> 1.5 | H63: =G63*F63 -> 9
B64: 1.04 | C64: 4" Long Brass Screws | D64: M-018 | E64: No | F64: 6 | G64: ='Basic Rates'!$E$21 -> 7.5 | H64: =G64*F64 -> 45
B65: 1.05 | C65: 5/8" Mild Steel Dowels 4" Long. | D65: M-067 | E65: No | F65: 2 | G65: ='Basic Rates'!$E$70 -> 6 | H65: =G65*F65 -> 12
B66: 1.0599999 | C66: 1" Planks | D66: M-139a | E66: Sq.ft | F66: 21 | G66: ='Basic Rates'!$E$143 -> 110 | H66: =G66*F66 -> 2310
B67: 1.0700001 | C67: Brass Screws 1 1/2" | D67: M-015 | E67: No | F67: 36 | G67: ='Basic Rates'!E18 -> 3.75 | H67: =G67*F67 -> 135
B68: 1.08 | C68: Carpenter | D68: L-008 | E68: Day | F68: 2.25 | G68: ='Basic Rates'!$J$11 -> 3500 | H68: =G68*F68 -> 7875
B69: 1.09 | C69: U / SK Labourer | D69: L-007 | E69: Day | F69: 1 | G69: ='Basic Rates'!$J$10 -> 2300 | H69: =G69*F69 -> 2300
B70: 1.1 | C70: Mason - fixing frame | D70: L-009 | E70: Day | F70: 0.25 | G70: ='Basic Rates'!$J$12 -> 3500 | H70: =G70*F70 -> 875
B71: 1.11 | C71: U / SK Labourer - fixing frame | D71: L-007 | E71: Day | F71: 0.25 | G71: ='Basic Rates'!$J$10 -> 2300 | H71: =G71*F71 -> 575
D72: Total for | E72: =$F$59 -> 16.25 | F72: =$G$59 -> Sq.ft | H72: =SUM(H61:H71) -> 16376
D73: Rate for 1 | E73: =$G$59 -> Sq.ft | H73: =H72/F59 -> 1007.7538
D74: Rate(Say) | H74: =ROUND(H73,0) -> 1008
A76: 11.A.05 | C76: window, Glazed 7'. 0" x 4' 0" High overall with frame comprising 3 No openable sashes and 3 1/4" x 2 1/4" frame and mullions (Glazing, Ironmongory and painting measured separately)
E77: Analysis for | F77: 28 | G77: Sq.ft
B78: No | C78: Item Description | D78: Item Ref | E78: Unit | F78: Quantity | G78: Rate | H78: Amount
B79: 1.01 | C79: 4"X3" Timber | D79: M-138 | E79: Cu.ft | F79: 3.2 | G79: ='Basic Rates'!$E$141 -> 1300 | H79: =G79*F79 -> 4160
B80: =B79+0.01 -> 1.02 | C80: 4" Long Brass Screws | D80: M-018 | E80: No | F80: 4 | G80: ='Basic Rates'!$E$21 -> 7.5 | H80: =G80*F80 -> 30
B81: =B80+0.01 -> 1.03 | C81: Fibre / Plastic Plugs | D81: M-045 | E81: No | F81: 4 | G81: ='Basic Rates'!$E$48 -> 1.5 | H81: =G81*F81 -> 6
B82: =B81+0.01 -> 1.04 | C82: 1 1/2" Planks | D82: M-139 | E82: Sq.ft | F82: 9.25 | G82: ='Basic Rates'!$E$142 -> 140 | H82: =G82*F82 -> 1295
B83: =B82+0.01 -> 1.05 | C83: Carpenter | D83: L-008 | E83: Day | F83: 6 | G83: ='Basic Rates'!$J$11 -> 3500 | H83: =G83*F83 -> 21000
B84: =B83+0.01 -> 1.06 | C84: U / SK Labourer | D84: L-007 | E84: Day | F84: 2.5 | G84: ='Basic Rates'!$J$10 -> 2300 | H84: =G84*F84 -> 5750
B85: =B84+0.01 -> 1.07 | C85: Mason - fixing frame | D85: L-009 | E85: Day | F85: 0.5 | G85: ='Basic Rates'!$J$12 -> 3500 | H85: =G85*F85 -> 1750
B86: =B85+0.01 -> 1.08 | C86: U / SK Labourer - fixing frame | D86: L-007 | E86: Day | F86: 0.5 | G86: ='Basic Rates'!$J$10 -> 2300 | H86: =G86*F86 -> 1150
D87: Total for | E87: =$F$77 -> 28 | F87: =$G$77 -> Sq.ft | H87: =SUM(H79:H86) -> 35141
D88: Rate for 1 | E88: =$G$77 -> Sq.ft | H88: =H87/F77 -> 1255.0357
D89: Rate(Say) | H89: =ROUND(H88,0) -> 1255
A91: 11.A.06 | C91: 1/8" clear sheet glass panes exceeding 1' 0" but not exceeding 4 squere feet cut and fixed with timber beadings to doors and windows.
E92: Analysis for | F92: 9 | G92: Sq.ft
B93: No | C93: Item Description | D93: Item Ref | E93: Unit | F93: Quantity | G93: Rate | H93: Amount
B94: 1.01 | C94: Glass panes | D94: M-027 | E94: Sq.ft | F94: 9 | G94: ='Basic Rates'!E30 -> 25 | H94: =G94*F94 -> 225
B95: =B94+0.01 -> 1.02 | C95: 1/2" X 1/2" Beading | D95: M-133 | E95: L.ft | F95: 30 | G95: ='Basic Rates'!E136 -> 1.5 | H95: =G95*F95 -> 45
B96: =B95+0.01 -> 1.03 | C96: Brass Pannel Pins | D96: M-013 | E96: Doz | F96: 4 | G96: ='Basic Rates'!E16 -> 1 | H96: =G96*F96 -> 4
B97: =B96+0.01 -> 1.04 | C97: Glazier | D97: L-010 | E97: Day | F97: 0.5 | G97: ='Basic Rates'!J13 -> 2000 | H97: =G97*F97 -> 1000
B98: =B97+0.01 -> 1.05 | C98: U / SK Labourer | D98: L-007 | E98: Day | F98: 0.5 | G98: ='Basic Rates'!$J$10 -> 2300 | H98: =G98*F98 -> 1150
D99: Total for | E99: =$F$92 -> 9 | F99: =$G$92 -> Sq.ft | H99: =SUM(H94:H98) -> 2424
D100: Rate for 1 | E100: =$G$92 -> Sq.ft | H100: =H99/F92 -> 269.33333
D101: Rate(Say) | H101: =ROUND(H100,0) -> 269
A103: Ironmongery
A105: 11.B.01 | C105: Butt Hinges 5" X 2 1/2" Brass
E106: Analysis for | F106: 1.5 | G106: Pair
B107: No | C107: Item Description | D107: Item Ref | E107: Unit | F107: Quantity | G107: Rate | H107: Amount
B108: 1.01 | C108: Butt Hinges (pairs 1 1/2) | D108: M-023 | E108: No | F108: 3 | G108: ='Basic Rates'!E26 -> 70 | H108: =G108*F108 -> 210
B109: 1.02 | C109: 3/4" Brass Screws | D109: M-017 | E109: No | F109: 24 | G109: ='Basic Rates'!E20 -> 7 | H109: =G109*F109 -> 168
B110: 1.03 | C110: Carpenter | D110: L-008 | E110: Day | F110: 0.25 | G110: ='Basic Rates'!$J$11 -> 3500 | H110: =G110*F110 -> 875
B111: 1.04 | C111: U / SK Labourer | D111: L-007 | E111: Day | F111: 0.25 | G111: ='Basic Rates'!$J$10 -> 2300 | H111: =G111*F111 -> 575
D112: Total for | E112: =$F$106 -> 1.5 | F112: =$G$106 -> Pair | H112: =SUM(H108:H111) -> 1828
...

Sheet 12
A2: 12. Plumbing & Drainage
A4: 12.01 | C4: 1/2 " Diameter PVC pipes fixed to walls (Specials paid separately)
E5: Analysis for | F5: 10 | G5: L.ft
B6: No | C6: Item Description | D6: Item Ref | E6: Unit | F6: Quantity | G6: Rate | H6: Amount
B7: 1.01 | C7: 1/2" PVC Pipes | D7: M-095 | E7: L.ft | F7: 13 | G7: ='Basic Rates'!E98 -> 7.5 | H7: =G7*F7 -> 97.5 | J7: 1/2 " | K7: 20mm dia pipe
B8: 1.02 | C8: 1 " Clips and Nails | D8: M-028 | E8: No | F8: 3 | G8: ='Basic Rates'!E31 -> 7 | H8: =G8*F8 -> 21 | J8: 3/4" | K8: 25mm dia pipe
B9: 1.03 | C9: Solvent Cement | D9: M-117 | E9: Grms | F9: 2 | G9: ='Basic Rates'!$E$120 -> 1.4 | H9: =G9*F9 -> 2.8 | J9: 1" | K9: 32mm dia pipe
B10: 1.04 | C10: Plumber | D10: L-002 | E10: Day | F10: 0.125 | G10: ='Basic Rates'!$J$5 -> 3500 | H10: =G10*F10 -> 437.5 | J10: 11/4" | K10: 40mm dia pipe
B11: 1.05 | C11: U / SK Labourer | D11: L-007 | E11: Day | F11: 0.125 | G11: ='Basic Rates'!$J$10 -> 2300 | H11: =G11*F11 -> 287.5 | J11: 11/2" | K11: 50mm dia pipe
D12: Total for | E12: =$F$5 -> 10 | F12: =$G$5 -> L.ft | H12: =SUM(H7:H11) -> 846.3 | J12: 2" | K12: 63mm dia pipe
D13: Rate for 1 | E13: =$G$5 -> L.ft | H13: =H12/E12 -> 84.63 | J13: 21/2" | K13: 75mm dia pipe
D14: Rate(Say) | G14: 1 L.ft | H14: =ROUND(H13,0) -> 85 | J14: 3" | K14: 90mm dia pipe
A16: 12.02 | C16: 3/4 " Diameter PVC pipes fixed to walls (Specials paid separately)
E17: Analysis for | F17: 10 | G17: L.ft
B18: No | C18: Item Description | D18: Item Ref | E18: Unit | F18: Quantity | G18: Rate | H18: Amount
B19: 1.01 | C19: 3/4" PVC Pipes | D19: M-098 | E19: L.ft | F19: 13 | G19: ='Basic Rates'!E101 -> 14 | H19: =G19*F19 -> 182
B20: 1.02 | C20: 1 " Clips and Nails | D20: M-028 | E20: No | F20: 3 | G20: ='Basic Rates'!E31 -> 7 | H20: =G20*F20 -> 21
B21: 1.03 | C21: Solvent Cement | D21: M-117 | E21: Grms | F21: 3 | G21: ='Basic Rates'!$E$120 -> 1.4 | H21: =G21*F21 -> 4.2
B22: 1.04 | C22: Plumber | D22: L-002 | E22: Day | F22: 0.125 | G22: ='Basic Rates'!$J$5 -> 3500 | H22: =G22*F22 -> 437.5
B23: 1.05 | C23: U / SK Labourer | D23: L-007 | E23: Day | F23: 0.125 | G23: ='Basic Rates'!$J$10 -> 2300 | H23: =G23*F23 -> 287.5
D24: Total for | E24: =$F$17 -> 10 | F24: =$G$17 -> L.ft | H24: =SUM(H19:H23) -> 932.2
D25: Rate for 1 | E25: =$G$17 -> L.ft | H25: =H24/E24 -> 93.22
D26: Rate(Say) | G26: 1 L.ft | H26: =ROUND(H25,0) -> 93
A28: 12.03 | C28: 1 " Diameter PVC pipes fixed to walls (Specials paid separately)
E29: Analysis for | F29: 100 | G29: L.ft
B30: No | C30: Item Description | D30: Item Ref | E30: Unit | F30: Quantity | G30: Rate | H30: Amount
B31: 1.01 | C31: 1" PVC Pipes | D31: M-094 | E31: L.ft | F31: 100 | G31: ='Basic Rates'!E97 -> 21 | H31: =G31*F31 -> 2100
B32: 1.02 | C32: Allow 5% of Items ( 1.01 ) for Wastage | D32: - | E32: - | F32: - | G32: - | H32: =H31*5/100 -> 105
B33: 1.03 | C33: 1" PVC Sockets | D33: M-077 | E33: No | F33: 8 | G33: ='Basic Rates'!E80 -> 14 | H33: =G33*F33 -> 112
B34: 1.04 | C34: Solvent Cement | D34: M-117 | E34: Grms | F34: 32 | G34: ='Basic Rates'!$E$120 -> 1.4 | H34: =G34*F34 -> 44.8
B35: 1.05 | C35: 1 " Clips and Nails | D35: M-028 | E35: No | F35: 35 | G35: ='Basic Rates'!E31 -> 7 | H35: =G35*F35 -> 245
B36: 1.0599999 | C36: Plumber | D36: L-002 | E36: Day | F36: 0.5 | G36: ='Basic Rates'!$J$5 -> 3500 | H36: =G36*F36 -> 1750
B37: 1.0700001 | C37: U / SK Labourer | D37: L-007 | E37: Day | F37: 0.5 | G37: ='Basic Rates'!$J$10 -> 2300 | H37: =G37*F37 -> 1150
D38: Total for | E38: =$F$29 -> 100 | F38: =$G$29 -> L.ft | H38: =SUM(H31:H37) -> 5506.8
D39: Rate for 1 | E39: =$G$29 -> L.ft | H39: =H38/E38 -> 55.068
D40: Rate(Say) | G40: 1 L.ft | H40: =ROUND(H39,0) -> 55
A42: 12.04 | C42: 1 1/4"Diameter PVC pipes fixed to walls (Specials paid separately)
E43: Analysis for | F43: 100 | G43: L.ft
B44: No | C44: Item Description | D44: Item Ref | E44: Unit | F44: Quantity | G44: Rate | H44: Amount
B45: 1.01 | C45: 1 1/4" PVC Pipes | D45: M-093 | E45: L.ft | F45: 100 | G45: ='Basic Rates'!E96 -> 32 | H45: =G45*F45 -> 3200
B46: 1.02 | C46: Allow 5% of Items ( 1.01 ) for Wastage | D46: - | E46: - | F46: - | G46: - | H46: =H45*5/100 -> 160
B47: 1.03 | C47: 1 1/4" PVC Sockets | D47: M-101 | E47: No | F47: 8 | G47: ='Basic Rates'!E104 -> 19.5 | H47: =G47*F47 -> 156
B48: 1.04 | C48: Solvent Cement | D48: M-117 | E48: Grms | F48: 48 | G48: ='Basic Rates'!$E$120 -> 1.4 | H48: =G48*F48 -> 67.2
B49: 1.05 | C49: 1 1/4 " Clips and Nails | D49: M-030 | E49: No | F49: 35 | G49: ='Basic Rates'!E33 -> 8.75 | H49: =G49*F49 -> 306.25
B50: 1.0599999 | C50: Plumber | D50: L-002 | E50: Day | F50: 0.75 | G50: ='Basic Rates'!$J$5 -> 3500 | H50: =G50*F50 -> 2625
B51: 1.0700001 | C51: U / SK Labourer | D51: L-007 | E51: Day | F51: 0.75 | G51: ='Basic Rates'!$J$10 -> 2300 | H51: =G51*F51 -> 1725
D52: Total for | E52: =$F$43 -> 100 | F52: =$G$43 -> L.ft | H52: =SUM(H45:H51) -> 8239.45
D53: Rate for 1 | E53: =$G$43 -> L.ft | H53: =H52/E52 -> 82.3945
D54: Rate(Say) | G54: 1 L.ft | H54: =ROUND(H53,0) -> 82
A56: 12.05 | C56: 1 1/2" Diameter PVC pipes fixed to walls (Specials paid separately)
E57: Analysis for | F57: 100 | G57: L.ft
B58: No | C58: Item Description | D58: Item Ref | E58: Unit | F58: Quantity | G58: Rate | H58: Amount
B59: 1.01 | C59: 1 1/2" PVC Pipes | D59: M-092 | E59: L.ft | F59: 100 | G59: ='Basic Rates'!E95 -> 46 | H59: =G59*F59 -> 4600
B60: 1.02 | C60: Allow 5% of Items ( 1.01 ) for Wastage | D60: - | E60: - | F60: - | G60: - | H60: =H59*5/100 -> 230
B61: 1.03 | C61: 1 1/2" PVC Sockets | D61: M-100 | E61: No | F61: 8 | G61: ='Basic Rates'!E103 -> 160 | H61: =G61*F61 -> 1280
B62: 1.04 | C62: Solvent Cement | D62: M-117 | E62: Grms | F62: 64 | G62: ='Basic Rates'!$E$120 -> 1.4 | H62: =G62*F62 -> 89.6
B63: 1.05 | C63: 1 1/2 " Clips and Nails | D63: M-029 | E63: No | F63: 35 | G63: ='Basic Rates'!E32 -> 10.5 | H63: =G63*F63 -> 367.5
B64: 1.0599999 | C64: Plumber | D64: L-002 | E64: Day | F64: 0.75 | G64: ='Basic Rates'!$J$5 -> 3500 | H64: =G64*F64 -> 2625
B65: 1.0700001 | C65: U / SK Labourer | D65: L-007 | E65: Day | F65: 0.75 | G65: ='Basic Rates'!$J$10 -> 2300 | H65: =G65*F65 -> 1725
D66: Total for | E66: =$F$57 -> 100 | F66: =$G$57 -> L.ft | H66: =SUM(H59:H65) -> 10917.1
D67: Rate for 1 | E67: =$G$57 -> L.ft | H67: =H66/E66 -> 109.171
D68: Rate(Say) | G68: 1 L.ft | H68: =ROUND(H67,0) -> 109
A70: 12.06 | C70: 2" Diameter PVC pipes fixed to walls (Specials paid separately)
E71: Analysis for | F71: 100 | G71: L.ft
B72: No | C72: Item Description | D72: Item Ref | E72: Unit | F72: Quantity | G72: Rate | H72: Amount
B73: 1.01 | C73: 2" PVC Pipes | D73: M-096 | E73: L.ft | F73: 100 | G73: ='Basic Rates'!E99 -> 79 | H73: =G73*F73 -> 7900
B74: 1.02 | C74: Allow 5% of Items ( 1.01 ) for Wastage | D74: - | E74: - | F74: - | G74: - | H74: =H73*5/100 -> 395
B75: 1.03 | C75: 2" PVC Sockets | D75: M-102 | E75: No | F75: 8 | G75: ='Basic Rates'!E105 -> 48 | H75: =G75*F75 -> 384
B76: 1.04 | C76: Solvent Cement | D76: M-117 | E76: Grms | F76: 112 | G76: ='Basic Rates'!$E$120 -> 1.4 | H76: =G76*F76 -> 156.8
B77: 1.05 | C77: 2 " Clips and Nails | D77: M-031 | E77: No | F77: 35 | G77: ='Basic Rates'!E34 -> 10.75 | H77: =G77*F77 -> 376.25
B78: 1.0599999 | C78: Plumber | D78: L-002 | E78: Day | F78: 0.75 | G78: ='Basic Rates'!$J$5 -> 3500 | H78: =G78*F78 -> 2625
B79: 1.0700001 | C79: U / SK Labourer | D79: L-007 | E79: Day | F79: 0.75 | G79: ='Basic Rates'!$J$10 -> 2300 | H79: =G79*F79 -> 1725
D80: Total for | E80: =$F$71 -> 100 | F80: =$G$71 -> L.ft | H80: =SUM(H73:H79) -> 13562.05
D81: Rate for 1 | E81: =$G$71 -> L.ft | H81: =H80/E80 -> 135.6205
D82: Rate(Say) | G82: 1 L.ft | H82: =ROUND(H81,0) -> 136
A84: 12.07 | C84: 3" Diameter PVC pipes fixed to walls (Specials paid separately) Type 1000
E85: Analysis for | F85: 100 | G85: L.ft.
B86: No | C86: Item Description | D86: Item Ref | E86: Unit | F86: Quantity | G86: Rate | H86: Amount
B87: 1.01 | C87: 3" PVC Pipes | D87: M-097 | E87: L.ft | F87: 100 | G87: ='Basic Rates'!E100 -> 185 | H87: =G87*F87 -> 18500
B88: 1.02 | C88: Allow 5% of Items ( 1.01 ) for Compaction | D88: - | E88: - | F88: - | G88: - | H88: =H87*5/100 -> 925
B89: 1.03 | C89: 3" PVC Sockets | D89: M-103 | E89: No | F89: 8 | G89: ='Basic Rates'!E106 -> 192 | H89: =G89*F89 -> 1536
B90: 1.04 | C90: Solvent Cement | D90: M-117 | E90: Grms | F90: 200 | G90: ='Basic Rates'!$E$120 -> 1.4 | H90: =G90*F90 -> 280
B91: 1.05 | C91: 3 " Clips and Screws | D91: M-032 | E91: No | F91: 35 | G91: ='Basic Rates'!E35 -> 34 | H91: =G91*F91 -> 1190
B92: 1.0599999 | C92: Plumber | D92: L-002 | E92: Day | F92: 1 | G92: ='Basic Rates'!$J$5 -> 3500 | H92: =G92*F92 -> 3500
B93: 1.0700001 | C93: U / SK Labourer | D93: L-007 | E93: Day | F93: 1 | G93: ='Basic Rates'!$J$10 -> 2300 | H93: =G93*F93 -> 2300
D94: Total for | E94: =$F$85 -> 100 | F94: =$G$85 -> L.ft. | H94: =SUM(H87:H93) -> 28231
D95: Rate for 1 | E95: =$G$85 -> L.ft. | H95: =H94/E94 -> 282.31
D96: Rate(Say) | G96: 1 L.ft | H96: =ROUND(H95,0) -> 282
A98: 12.08 | C98: Excavation for laying 1/2 " to 3" dia meter PVC pipes in ground not less than 1' 6" Deep, Backfilling & Compacting
E99: Analysis for | F99: 100 | G99: L.ft
B100: No | C100: Item Description | D100: Item Ref | E100: Unit | F100: Quantity | G100: Rate | H100: Amount
B101: 1.01 | C101: U / SK Labourer | D101: L-007 | E101: Day | F101: 2.25 | G101: ='Basic Rates'!$J$10 -> 2300 | H101: =G101*F101 -> 5175
D102: Total for | E102: =$F$99 -> 100 | F102: =$G$99 -> L.ft | H102: =SUM(H101) -> 5175
D103: Rate for 1 | E103: =$G$99 -> L.ft | H103: =H102/E102 -> 51.75
D104: Rate(Say) | G104: 1 L.ft | H104: =ROUND(H103,0) -> 52
A106: 12.09 | C106: Chasing brickwork for laying 1/2" to 1 1/2 " dia PVC pipes and making good average depth 2" (Pipes and specials paid separately)
E107: Analysis for | F107: 100 | G107: L.ft
B108: No | C108: Item Description | D108: Item Ref | E108: Unit | F108: Quantity | G108: Rate | H108: Amount
B109: 1.01 | C109: Cement | D109: M-026 | E109: Bag | F109: 0.1 | G109: ='Basic Rates'!$E$29 -> 2400 | H109: =G109*F109 -> 240
B110: 1.02 | C110: Sand | D110: M-113 | E110: Cu | F110: 0.01 | G110: ='Basic Rates'!$E$116 -> 18000 | H110: =G110*F110 -> 180
...

Sheet 14
A2: 14. Tilling
B4: A. | C4: Wall Tilling
B5: B. | C5: Floor Tilling
A7: Wall Tilling
A9: 14.A.01 | C9: Glazed tiles fixed to walls including bedding in cement mortar 1:2 and raking in ground floor.(Specials measured separately)
E10: Analysis for | F10: 1 | G10: Sqr
B11: No | C11: Item Description | D11: Item Ref | E11: Unit | F11: Quantity | G11: Rate | H11: Amount
B12: 1.01 | C12: Glazed Tiles (6''x6") | D12: M-155 | E12: No | F12: 400 | G12: ='Basic Rates'!E159 -> 75 | H12: =G12*F12 -> 30000
B13: 1.02 | C13: Allow 10% of Items ( 1.01 ) for Wastage | D13: - | E13: - | F13: - | G13: - | H13: =(H12)*10/100 -> 3000
B14: 1.03 | C14: Cement | D14: M-026 | E14: Bag | F14: 2.5 | G14: ='Basic Rates'!$E$29 -> 2400 | H14: =G14*F14 -> 6000
B15: 1.04 | C15: Sand | D15: M-113 | E15: Cu | F15: 0.11 | G15: ='Basic Rates'!$E$116 -> 18000 | H15: =G15*F15 -> 1980
B16: 1.05 | C16: White Cement | D16: M-159 | E16: Lbs | F16: 1 | G16: ='Basic Rates'!$E$163 -> 17.5 | H16: =G16*F16 -> 17.5
B17: 1.0599999 | C17: Mason | D17: L-009 | E17: Day | F17: 4 | G17: ='Basic Rates'!$J$12 -> 3500 | H17: =G17*F17 -> 14000
B18: 1.0700001 | C18: U / SK Labourer | D18: L-007 | E18: Day | F18: 4 | G18: ='Basic Rates'!$J$10 -> 2300 | H18: =G18*F18 -> 9200
B19: 1.08 | C19: U / SK Labourer | D19: L-007 | E19: Day | F19: 0.25 | G19: ='Basic Rates'!$J$10 -> 2300 | H19: =G19*F19 -> 575
D20: Total for | E20: =$F$31 -> 1 | F20: =$G$31 -> Sqr | H20: =SUM(H12:H19) -> 64772.5
D21: Rate for 1 | E21: =$G$31 -> Sqr | H21: =H20/F10 -> 64772.5
D22: Rate(Say) | G22: 1Sq | H22: =ROUND(H21,0) -> 64773
D23: Rate(Say) | G23: 1ft2 | H23: =H22/100 -> 647.73
D24: Rate(Say) | G24: 1m2 | H24: =H23*10.76 -> 6969.5748
D25: Ground floor | G25: 1m2 | H25: =H24 -> 6969.5748
D26: First Floor | G26: 1m2 | H26: =H25*1.1 -> 7666.5323
D27: Second Floor | G27: 1m2 | H27: =H26*1.1 -> 8433.1855
D28: Third Floor | G28: 1m2 | H28: =H27*1.1 -> 9276.5041
A30: 14.A.02 | C30: Glazed tiles fixed to walls including bedding in cement mortar 1:2 and raking in ground floor.(Specials measured separately)
E31: Analysis for | F31: 1 | G31: Sqr
B32: No | C32: Item Description | D32: Item Ref | E32: Unit | F32: Quantity | G32: Rate | H32: Amount
B33: 1.01 | C33: Glazed Tiles (8''x12") | D33: M-156 | E33: No | F33: 150 | G33: ='Basic Rates'!E160 -> 100 | H33: =G33*F33 -> 15000
B34: 1.02 | C34: Allow 10% of Items ( 1.01 ) for Wastage | D34: - | E34: - | F34: - | G34: - | H34: =(H33)*10/100 -> 1500
B35: 1.03 | C35: Cement | D35: M-026 | E35: Bag | F35: 2.5 | G35: ='Basic Rates'!$E$29 -> 2400 | H35: =G35*F35 -> 6000
B36: 1.04 | C36: Sand | D36: M-113 | E36: Cu | F36: 0.11 | G36: ='Basic Rates'!$E$116 -> 18000 | H36: =G36*F36 -> 1980
B37: 1.05 | C37: White Cement | D37: M-159 | E37: Lbs | F37: 1 | G37: ='Basic Rates'!$E$163 -> 17.5 | H37: =G37*F37 -> 17.5
B38: 1.0599999 | C38: Mason | D38: L-009 | E38: Day | F38: 4 | G38: ='Basic Rates'!$J$12 -> 3500 | H38: =G38*F38 -> 14000
B39: 1.0700001 | C39: U / SK Labourer | D39: L-007 | E39: Day | F39: 4 | G39: ='Basic Rates'!$J$10 -> 2300 | H39: =G39*F39 -> 9200
B40: 1.08 | C40: U / SK Labourer | D40: L-007 | E40: Day | F40: 0.25 | G40: ='Basic Rates'!$J$10 -> 2300 | H40: =G40*F40 -> 575
D41: Total for | E41: =$F$31 -> 1 | F41: =$G$31 -> Sqr | H41: =SUM(H33:H40) -> 48272.5
D42: Rate for 1 | E42: =$G$31 -> Sqr | H42: =H41/F31 -> 48272.5
D43: Rate(Say) | G43: 1Sq | H43: =ROUND(H42,0) -> 48273
D44: Rate(Say) | G44: 1ft2 | H44: =H43/100 -> 482.73
D45: Rate(Say) | G45: 1m2 | H45: =H44*10.76 -> 5194.1748
D46: Ground floor | G46: 1m2 | H46: =H45 -> 5194.1748
D47: First Floor | G47: 1m2 | H47: =H46*1.1 -> 5713.5923
D48: Second Floor | G48: 1m2 | H48: =H47*1.1 -> 6284.9515
D49: Third Floor | G49: 1m2 | H49: =H48*1.1 -> 6913.4467
A51: Floor Tilling
A53: 14.B.01 | C53: Terrazzo floor tiles on 1/2" thick cement and sand 1:2 in ground floor
E54: Analysis for | F54: 1 | G54: Sqr
B55: No | C55: Item Description | D55: Item Ref | E55: Unit | F55: Quantity | G55: Rate | H55: Amount
B56: 1.01 | C56: Terrazzo Tiles 12" X 12" | D56: M-132 | E56: No | F56: 100 | G56: ='Basic Rates'!E135 -> 150 | H56: =G56*F56 -> 15000
B57: 1.02 | C57: Allow 5% of Items ( 1.01 ) for Wastage | D57: - | E57: - | F57: - | G57: - | H57: =(H56)*5/100 -> 750
B58: 1.03 | C58: Cement | D58: M-026 | E58: Bag | F58: 1.25 | G58: ='Basic Rates'!$E$29 -> 2400 | H58: =G58*F58 -> 3000
B59: 1.04 | C59: Sand | D59: M-113 | E59: Cu | F59: 0.07 | G59: ='Basic Rates'!$E$116 -> 18000 | H59: =G59*F59 -> 1260
B60: 1.05 | C60: Coloured Pigment | D60: M-035 | E60: Lbs | F60: 2 | G60: ='Basic Rates'!E38 -> 175 | H60: =G60*F60 -> 350
B61: 1.0599999 | C61: Wax Polish | D61: M-158 | E61: Lbs | F61: 0.5 | G61: ='Basic Rates'!E162 -> 150 | H61: =G61*F61 -> 75
B62: 1.0700001 | C62: Cotton Waste | D62: M-037 | E62: Lbs | F62: 2 | G62: ='Basic Rates'!$E$40 -> 12.5 | H62: =G62*F62 -> 25
B63: 1.08 | C63: Mason | D63: L-009 | E63: Day | F63: 4 | G63: ='Basic Rates'!$J$12 -> 3500 | H63: =G63*F63 -> 14000
B64: 1.09 | C64: U / SK Labourer | D64: L-007 | E64: Day | F64: 3 | G64: ='Basic Rates'!$J$10 -> 2300 | H64: =G64*F64 -> 6900
B65: 1.1 | C65: U / SK Labourer | D65: L-007 | E65: Day | F65: 0.5 | G65: ='Basic Rates'!$J$10 -> 2300 | H65: =G65*F65 -> 1150
D66: Total for | E66: =$F$54 -> 1 | F66: =$G$54 -> Sqr | H66: =SUM(H56:H65) -> 42510
D67: Rate for 1 | E67: =$G$54 -> Sqr | H67: =H66/F54 -> 42510
D68: Rate(Say) | G68: 1Sq | H68: =ROUND(H67,0) -> 42510
D69: Rate(Say) | G69: 1ft2 | H69: =H68/100 -> 425.1
D70: Rate(Say) | G70: 1m2 | H70: =H69*10.76 -> 4574.076
D71: Ground floor | G71: 1m2 | H71: =H70 -> 4574.076
D72: First Floor | G72: 1m2 | H72: =H71*1.1 -> 5031.4836
D73: Second Floor | G73: 1m2 | H73: =H72*1.1 -> 5534.632
D74: Third Floor | G74: 1m2 | H74: =H73*1.1 -> 6088.0952
A76: 14.B.02 | C76: Pressed floor tiles bedded in 1/2" cement mortar 1:2 and pointing in neat cement in ground floor
E77: Analysis for | F77: 1 | G77: Sqr
B78: No | C78: Item Description | D78: Item Ref | E78: Unit | F78: Quantity | G78: Rate | H78: Amount
B79: 1.01 | C79: Pressed Tiles 8" X 8" | D79: M-130 | E79: No | F79: 225 | G79: ='Basic Rates'!E133 -> 125 | H79: =G79*F79 -> 28125
B80: =B79+0.01 -> 1.02 | C80: Allow 5% of Items ( 1.01 ) for Wastage | D80: - | E80: - | F80: - | G80: - | H80: =(H79)*5/100 -> 1406.25
B81: =B80+0.01 -> 1.03 | C81: Cement | D81: M-026 | E81: Bag | F81: 1.25 | G81: ='Basic Rates'!$E$29 -> 2400 | H81: =G81*F81 -> 3000
B82: =B81+0.01 -> 1.04 | C82: Sand | D82: M-113 | E82: Cu | F82: 0.07 | G82: ='Basic Rates'!$E$116 -> 18000 | H82: =G82*F82 -> 1260
B83: =B82+0.01 -> 1.05 | C83: Colouring Powder | D83: M-036 | E83: Lbs | F83: 0.25 | G83: ='Basic Rates'!E39 -> 175 | H83: =G83*F83 -> 43.75
B84: =B83+0.01 -> 1.06 | C84: Cotton Waste | D84: M-037 | E84: Lbs | F84: 2 | G84: ='Basic Rates'!$E$40 -> 12.5 | H84: =G84*F84 -> 25
B85: =B84+0.01 -> 1.07 | C85: Mason | D85: L-009 | E85: Day | F85: 4 | G85: ='Basic Rates'!$J$12 -> 3500 | H85: =G85*F85 -> 14000
B86: =B85+0.01 -> 1.08 | C86: U / SK Labourer | D86: L-007 | E86: Day | F86: 4 | G86: ='Basic Rates'!$J$10 -> 2300 | H86: =G86*F86 -> 9200
B87: =B86+0.01 -> 1.09 | C87: U / SK Labourer | D87: L-007 | E87: Day | F87: 0.5 | G87: ='Basic Rates'!$J$10 -> 2300 | H87: =G87*F87 -> 1150
D88: Total for | E88: =$F$77 -> 1 | F88: =$G$77 -> Sqr | H88: =SUM(H79:H87) -> 58210
D89: Rate for 1 | E89: =$G$77 -> Sqr | H89: =H88/F77 -> 58210
D90: Rate(Say) | G90: 1Sq | H90: =ROUND(H89,0) -> 58210
D91: Rate(Say) | G91: 1ft2 | H91: =H90/100 -> 582.1
D92: Rate(Say) | G92: 1m2 | H92: =H91*10.76 -> 6263.396
D93: Ground floor | G93: 1m2 | H93: =H92 -> 6263.396
D94: First Floor | G94: 1m2 | H94: =H93*1.1 -> 6889.7356
D95: Second Floor | G95: 1m2 | H95: =H94*1.1 -> 7578.7092
D96: Third Floor | G96: 1m2 | H96: =H95*1.1 -> 8336.5801

Sheet 13
A2: 13. Plastering
B4: A. | C4: Wall Plastering
B5: B. | C5: Rendering
B6: C. | C6: Sofit Plastering
B7: D. | C7: Skirting
D11: Wall Plastering
A13: 13.A.01 | C13: 5/8" thick plastering to wall in Cement and sand 1:3 including Cement floating
E14: Analysis for | F14: 1 | G14: Sqr
B15: No | C15: Item Description | D15: Item Ref | E15: Unit | F15: Quantity | G15: Rate | H15: Amount
B16: 1.01 | C16: Cement | D16: M-026 | E16: Bag | F16: 1.4 | G16: ='Basic Rates'!$E$29 -> 2400 | H16: =F16*G16 -> 3360
B17: 1.02 | C17: Sand | D17: M-113 | E17: Cu | F17: 0.06 | G17: ='Basic Rates'!$E$116 -> 18000 | H17: =F17*G17 -> 1080
B18: 1.03 | C18: Water | D18: M-157 | E18: Gal | F18: 10 | G18: ='Basic Rates'!$E$161 -> 0.3 | H18: =F18*G18 -> 3
B19: 1.04 | C19: Mason | D19: L-009 | E19: Day | F19: 1 | G19: ='Basic Rates'!$J$12 -> 3500 | H19: =F19*G19 -> 3500
B20: 1.05 | C20: U / SK Labourer | D20: L-007 | E20: Day | F20: 1.5 | G20: ='Basic Rates'!$J$10 -> 2300 | H20: =F20*G20 -> 3450
B21: 1.0599999 | C21: Allow 3% of Items ( 1.04, 1.05 ) for Scaffolding | D21: - | E21: - | F21: - | G21: - | H21: =(H19+H20)*3/100 -> 208.5
D22: Total for | E22: =F14 -> 1 | F22: =$G$14 -> Sqr | H22: =SUM(H16:H21) -> 11601.5
D23: Rate for 1 | E23: =$G$14 -> Sqr | H23: =H22/E22 -> 11601.5
D24: Rate(Say) | G24: 1Sq | H24: =ROUND(H23,0) -> 11602
D25: Rate(Say) | G25: 1ft2 | H25: =H24/100 -> 116.02
D26: Rate(Say) | G26: 1m2 | H26: =H25*10.76 -> 1248.3752
A28: 13.A.02 | C28: 5/8" thick to wall in cement and sand 1:5 finished semi-rough with wooden float.
E29: Analysis for | F29: 1 | G29: Sqr
B30: No | C30: Item Description | D30: Item Ref | E30: Unit | F30: Quantity | G30: Rate | H30: Amount
B31: 1.01 | C31: Cement | D31: M-026 | E31: Bag | F31: 0.8 | G31: ='Basic Rates'!$E$29 -> 2400 | H31: =G31*F31 -> 1920
B32: 1.03 | C32: Sand | D32: M-113 | E32: Cu | F32: 0.07 | G32: ='Basic Rates'!$E$116 -> 18000 | H32: =G32*F32 -> 1260
B33: 1.04 | C33: Water | D33: M-157 | E33: Gal | F33: 10 | G33: ='Basic Rates'!$E$161 -> 0.3 | H33: =G33*F33 -> 3
B34: 1.05 | C34: Mason | D34: L-009 | E34: Day | F34: 1 | G34: ='Basic Rates'!$J$12 -> 3500 | H34: =G34*F34 -> 3500
B35: 1.0599999 | C35: U / SK Labourer | D35: L-007 | E35: Day | F35: 1.25 | G35: ='Basic Rates'!$J$10 -> 2300 | H35: =G35*F35 -> 2875
D36: Total for | E36: =F29 -> 1 | F36: =$G$14 -> Sqr | H36: =SUM(H31:H35) -> 9558
D37: Rate for 1 | E37: =$G$14 -> Sqr | H37: =H36/E36 -> 9558
D38: Rate(Say) | G38: 1Sq | H38: =ROUND(H37,0) -> 9558
D39: Rate(Say) | G39: 1ft2 | H39: =H38/100 -> 95.58
D40: Rate(Say) | G40: 1m2 | H40: =H39*10.76 -> 1028.4408
D41: Ground floor - First Floor | G41: 1m2 | H41: =H40 -> 1028.4408
D42: First Floor - Second Floor | G42: 1m2 | H42: =H41*1.1 -> 1131.2849
D43: Second Floor - Third Floor | G43: 1m2 | H43: =H42*1.1 -> 1244.4134
D44: Third Floor - Fourth Floor | G44: 1m2 | H44: =H43*1.1 -> 1368.8547
A46: 13.A.03 | C46: 5/8" thick to wall in lime cement and sand 1:1:5 finished semi-rough with wooden float.
E47: Analysis for | F47: 1 | G47: Sq
B48: No | C48: Item Description | D48: Item Ref | E48: Unit | F48: Quantity | G48: Rate | H48: Amount
B49: 1.01 | C49: Cement | D49: M-026 | E49: Bag | F49: 0.8 | G49: ='Basic Rates'!$E$29 -> 2400 | H49: =G49*F49 -> 1920
B50: 1.02 | C50: Slaked Lime | D50: M-115 | E50: Lbs | F50: 44 | G50: ='Basic Rates'!$E$118 -> 275 | H50: =G50*F50 -> 12100
B51: 1.03 | C51: Sand | D51: M-113 | E51: Cu | F51: 0.07 | G51: ='Basic Rates'!$E$116 -> 18000 | H51: =G51*F51 -> 1260
B52: 1.04 | C52: Water | D52: M-157 | E52: Gal | F52: 10 | G52: ='Basic Rates'!$E$161 -> 0.3 | H52: =G52*F52 -> 3
B53: 1.05 | C53: Mason | D53: L-009 | E53: Day | F53: 1 | G53: ='Basic Rates'!$J$12 -> 3500 | H53: =G53*F53 -> 3500
B54: 1.0599999 | C54: U / SK Labourer | D54: L-007 | E54: Day | F54: 1.25 | G54: ='Basic Rates'!$J$10 -> 2300 | H54: =G54*F54 -> 2875
B55: 1.0699999 | C55: Allow 3% of Items ( 1.04, 1.05 ) for Scaffolding | D55: - | E55: - | F55: - | G55: - | H55: =(H53+H54)*3/100 -> 191.25
D56: Total for | E56: =F47 -> 1 | F56: =$G$14 -> Sqr | H56: =SUM(H49:H55) -> 21849.25
D57: Rate for 1 | E57: =$G$14 -> Sqr | H57: =H56/E56 -> 21849.25
D58: Rate(Say) | G58: 1Sq | H58: =ROUND(H57,0) -> 21849
D59: Rate(Say) | G59: 1ft2 | H59: =H58/100 -> 218.49
D60: Rate(Say) | G60: 1m2 | H60: =H59*10.76 -> 2350.9524
D61: Ground floor - First Floor | G61: 1m2 | H61: =H60 -> 2350.9524
D62: First Floor - Second Floor | G62: 1m2 | H62: =H61*1.1 -> 2586.0476
D63: Second Floor - Third Floor | G63: 1m2 | H63: =H62*1.1 -> 2844.6524
D64: Third Floor - Fourth Floor | G64: 1m2 | H64: =H63*1.1 -> 3129.1176
A66: 13.A.04 | C66: 5/8" thick Plastering to wall in lime cement and sand 1:1:5 finished smooth with lime putty floating.
E67: Analysis for | F67: 1 | G67: Sqr
B68: No | C68: Item Description | D68: Item Ref | E68: Unit | F68: Quantity | G68: Rate | H68: Amount
B69: 1.01 | C69: Cement | D69: M-026 | E69: Bag | F69: 0.8 | G69: ='Basic Rates'!$E$29 -> 2400 | H69: =G69*F69 -> 1920
B70: 1.02 | C70: Slaked Lime | D70: M-115 | E70: kg | F70: 30 | G70: ='Basic Rates'!$E$118 -> 275 | H70: =G70*F70 -> 8250
B71: 1.03 | C71: Sand | D71: M-113 | E71: Cu | F71: 0.07 | G71: ='Basic Rates'!$E$116 -> 18000 | H71: =G71*F71 -> 1260
B72: 1.04 | C72: Water | D72: M-157 | E72: Gal | F72: 10 | G72: ='Basic Rates'!$E$161 -> 0.3 | H72: =G72*F72 -> 3
B73: 1.05 | C73: Mason | D73: L-009 | E73: Day | F73: 1.5 | G73: ='Basic Rates'!$J$12 -> 3500 | H73: =G73*F73 -> 5250
B74: 1.0599999 | C74: U / SK Labourer | D74: L-007 | E74: Day | F74: 1.5 | G74: ='Basic Rates'!$J$10 -> 2300 | H74: =G74*F74 -> 3450
B75: 1.0700001 | C75: Allow 3% of Items ( 1.05, 1.06 ) for Scaffolding | D75: - | E75: - | F75: - | G75: - | H75: =(H73+H74)*3/100 -> 261
D76: Total for | E76: =F67 -> 1 | F76: =$G$14 -> Sqr | H76: =SUM(H69:H75) -> 20394
D77: Rate for 1 | E77: =$G$14 -> Sqr | H77: =H76/E76 -> 20394
D78: Rate(Say) | G78: 1Sq | H78: =ROUND(H77,0) -> 20394
D79: Rate(Say) | G79: 1ft2 | H79: =H78/100 -> 203.94
D80: Rate(Say) | G80: 1m2 | H80: =H79*10.76 -> 2194.3944
D81: Ground floor - First Floor | G81: 1m2 | H81: =H80 -> 2194.3944
D82: First Floor - Second Floor | G82: 1m2 | H82: =H81*1.1 -> 2413.8338
D83: Second Floor - Third Floor | G83: 1m2 | H83: =H82*1.1 -> 2655.2172
D84: Third Floor - Fourth Floor | G84: 1m2 | H84: =H83*1.1 -> 2920.7389
A86: 13.A.05 | C86: 5/8" thick plastering to wall in lime and sand 2:5 including floating with lime putty.
E87: Analysis for | F87: 1 | G87: Sqr
B88: No | C88: Item Description | D88: Item Ref | E88: Unit | F88: Quantity | G88: Rate | H88: Amount
B89: 1.01 | C89: Slaked Lime | D89: M-115 | E89: kg | F89: 65 | G89: ='Basic Rates'!$E$118 -> 275 | H89: =F89*G89 -> 17875
B90: 1.02 | C90: Sand | D90: M-113 | E90: Cu | F90: 0.07 | G90: ='Basic Rates'!$E$116 -> 18000 | H90: =F90*G90 -> 1260
B91: 1.03 | C91: Water | D91: M-157 | E91: Gal | F91: 10 | G91: ='Basic Rates'!$E$161 -> 0.3 | H91: =F91*G91 -> 3
B92: 1.04 | C92: Mason | D92: L-009 | E92: Day | F92: 1 | G92: ='Basic Rates'!$J$12 -> 3500 | H92: =F92*G92 -> 3500
B93: 1.05 | C93: U / SK Labourer | D93: L-007 | E93: Day | F93: 1.75 | G93: ='Basic Rates'!$J$10 -> 2300 | H93: =F93*G93 -> 4025
B94: 1.0599999 | C94: Allow 3% of Items ( 1.04, 1.05 ) for Scaffolding | D94: - | E94: - | F94: - | G94: - | H94: =(H92+H93)*3/100 -> 225.75
D95: Total for | E95: =F87 -> 1 | F95: =$G$87 -> Sqr | H95: =SUM(H89:H94) -> 26888.75
D96: Rate for 1 | E96: =$G$87 -> Sqr | H96: =H95/E95 -> 26888.75
D97: Rate(Say) | G97: 1Sq | H97: =ROUND(H96,0) -> 26889
D98: Rate(Say) | G98: 1ft2 | H98: =H97/100 -> 268.89
D99: Rate(Say) | G99: 1m2 | H99: =H98*10.76 -> 2893.2564
D101: Rendering
A103: 13.B.01 | C103: 3/4" thick rendering in cement and sand 1:3 finished smooth
E104: Analysis for | F104: 1 | G104: Sqr
B105: No | C105: Item Description | D105: Item Ref | E105: Unit | F105: Quantity | G105: Rate | H105: Amount
B106: 1.01 | C106: Cement | D106: M-026 | E106: Bag | F106: 1.75 | G106: ='Basic Rates'!$E$29 -> 2400 | H106: =G106*F106 -> 4200
B107: =B106+0.01 -> 1.02 | C107: Sand | D107: M-113 | E107: Cu | F107: 0.13 | G107: ='Basic Rates'!$E$116 -> 18000 | H107: =G107*F107 -> 2340
B108: =B107+0.01 -> 1.03 | C108: Water | D108: M-157 | E108: Gal | F108: 10 | G108: ='Basic Rates'!$E$161 -> 0.3 | H108: =G108*F108 -> 3
B109: =B108+0.01 -> 1.04 | C109: Mason | D109: L-009 | E109: Day | F109: 1.25 | G109: ='Basic Rates'!$J$12 -> 3500 | H109: =G109*F109 -> 4375
B110: =B109+0.01 -> 1.05 | C110: U / SK Labourer | D110: L-007 | E110: Day | F110: 2 | G110: ='Basic Rates'!$J$10 -> 2300 | H110: =G110*F110 -> 4600
B111: =B110+0.01 -> 1.06 | C111: U / SK Labourer - curing | D111: L-007 | E111: Day | F111: 0.25 | G111: ='Basic Rates'!$J$10 -> 2300 | H111: =G111*F111 -> 575
D112: Total for | E112: =F104 -> 1 | F112: =$G$104 -> Sqr | H112: =SUM(H106:H111) -> 16093
...

Sheet 15
A2: 15. Ceiling
A4: 15.01 | C4: Timber Framework for 4' 0"x4' 0" flat asbestos ceiling (Sheet Measured separately) Comprising of 4"x2" joists and 2"x2" bearers in class 1 timber
E5: Analysis for | F5: 1.95 | G5: Sqrs
B6: No | C6: Item Description | D6: Item Ref | E6: Unit | F6: Quantity | G6: Rate | H6: Amount
B7: 1.01 | C7: Timber Class I | D7: M-136 | E7: Cu.ft | F7: 8 | G7: ='Basic Rates'!E139 -> 1200 | H7: =G7*F7 -> 9600
B8: 1.02 | C8: 2" Nails | D8: M-072 | E8: Lbs | F8: 1 | G8: ='Basic Rates'!E75 -> 50 | H8: =G8*F8 -> 50
B9: 1.03 | C9: Fibre / Plastic Plugs | D9: M-045 | E9: No | F9: 26 | G9: ='Basic Rates'!E48 -> 1.5 | H9: =G9*F9 -> 39
B10: 1.04 | C10: Cement | D10: M-026 | E10: Bag | F10: 0.23 | G10: ='Basic Rates'!$E$29 -> 2400 | H10: =G10*F10 -> 552
B11: 1.05 | C11: Sand | D11: M-113 | E11: Cu | F11: 0.02 | G11: ='Basic Rates'!$E$116 -> 18000 | H11: =G11*F11 -> 360
B12: 1.0599999 | C12: Brush 2" | D12: M-022 | E12: No | F12: 0.25 | G12: ='Basic Rates'!E25 -> 900 | H12: =G12*F12 -> 225
B13: 1.0700001 | C13: Tarnap | D13: M-119 | E13: Gal | F13: 0.333 | G13: ='Basic Rates'!E122 -> 450 | H13: =G13*F13 -> 149.85
B14: 1.08 | C14: Carpenter | D14: L-008 | E14: Day | F14: 2.5 | G14: ='Basic Rates'!$J$11 -> 3500 | H14: =G14*F14 -> 8750
B15: 1.09 | C15: Mason | D15: L-009 | E15: Day | F15: 0.5 | G15: ='Basic Rates'!$J$12 -> 3500 | H15: =G15*F15 -> 1750
B16: 1.1 | C16: U / SK Labourer | D16: L-007 | E16: Day | F16: 1.5 | G16: ='Basic Rates'!$J$10 -> 2300 | H16: =G16*F16 -> 3450
B17: 1.11 | C17: Allow 3% of Items ( 1.08, 1.09, 1.10 ) for Scaffolding | D17: - | E17: - | F17: - | G17: - | H17: =(H14+H15+H16)*3/100 -> 418.5
D18: Total for | E18: =$F$5 -> 1.95 | F18: =$G$5 -> Sqrs | H18: =SUM(H7:H17) -> 25344.35
D19: Rate for 1 | E19: =$G$5 -> Sqrs | H19: =H18/F5 -> 12997.103
D20: Rate(Say) | H20: =ROUND(H19,0) -> 12997
A22: 15.02 | C22: Horizontal ceiling lining using 4' 0"x4' 0" flat asbestos cement sheets fixed with and including beading and cove mouldings on timber framework(Timber, framework, painting m/separately)
E23: Analysis for | F23: 1.95 | G23: Sqrs
B24: No | C24: Item Description | D24: Item Ref | E24: Unit | F24: Quantity | G24: Rate | H24: Amount
B25: 1.01 | C25: Flat Asbestos Sheets | D25: M-048 | E25: Sq.ft | F25: 210 | G25: ='Basic Rates'!E51 -> 15 | H25: =G25*F25 -> 3150
B26: 1.02 | C26: 2"X2" halmilla Cove Moulding | D26: M-145 | E26: Sq.ft | F26: 60 | G26: ='Basic Rates'!E149 -> 35 | H26: =G26*F26 -> 2100
B27: 1.03 | C27: 1 1/2"X1/2" Halmilla Beadings | D27: M-134 | E27: L.ft | F27: 125 | G27: ='Basic Rates'!E137 -> 12 | H27: =G27*F27 -> 1500
B28: 1.04 | C28: 1/4" clout Nails | D28: M-033 | E28: lbs | F28: 0.25 | G28: ='Basic Rates'!E36 -> 25 | H28: =G28*F28 -> 6.25
B29: 1.05 | C29: Brass Screws 1 1/2" | D29: M-015 | E29: No | F29: 96 | G29: ='Basic Rates'!E18 -> 3.75 | H29: =G29*F29 -> 360
B30: 1.0599999 | C30: Carpenter | D30: L-008 | E30: Day | F30: 1.5 | G30: ='Basic Rates'!$J$11 -> 3500 | H30: =G30*F30 -> 5250
B31: 1.0700001 | C31: U / SK Labourer | D31: L-007 | E31: Day | F31: 2 | G31: ='Basic Rates'!$J$10 -> 2300 | H31: =G31*F31 -> 4600
B32: 1.08 | C32: Allow 3% of Items ( 1.06, 1.07 ) for Scaffolding | D32: - | E32: - | F32: - | G32: - | H32: =(H30+H31)*3/100 -> 295.5
D33: Total for | E33: =$F$23 -> 1.95 | F33: =$G$23 -> Sqrs | H33: =SUM(H25:H32) -> 17261.75
D34: Rate for 1 | E34: =$G$23 -> Sqrs | H34: =H33/F23 -> 8852.1795
D35: Rate(Say) | H35: =ROUND(H34,0) -> 8852
A37: 15.03 | C37: 3/4" thick tongued and grooved Lunumidella ceiling boards fixed horizontal on 4"X2" class I timber Joists at 2' 0" centres with 1 1/2 " Brass Nails
E38: Analysis for | F38: 1.95 | G38: Sqrs
B39: No | C39: Item Description | D39: Item Ref | E39: Unit | F39: Quantity | G39: Rate | H39: Amount
B40: 1.01 | C40: 4" x 2" Timber Joists | D40: M-146 | E40: L.ft | F40: 115 | G40: ='Basic Rates'!E150 -> 65 | H40: =G40*F40 -> 7475
B41: 1.02 | C41: 6" x 3/4" Lunumidella Ceiling Planks. | D41: M-135 | E41: Sq.ft | F41: 215 | G41: ='Basic Rates'!E138 -> 28 | H41: =G41*F41 -> 6020
B42: 1.03 | C42: Cement | D42: M-026 | E42: Bag | F42: 0.027 | G42: ='Basic Rates'!$E$29 -> 2400 | H42: =G42*F42 -> 64.8
B43: 1.04 | C43: Sand | D43: M-113 | E43: Cu | F43: 0.04 | G43: ='Basic Rates'!$E$116 -> 18000 | H43: =G43*F43 -> 720
B44: 1.05 | C44: 1 1/2 brass Nails | D44: M-012 | E44: lbs | F44: =4/0.454 -> 8.8105727 | G44: ='Basic Rates'!E15 -> 50 | H44: =G44*F44 -> 440.52863
B45: 1.0599999 | C45: Mason - making holes, fixing joists & making goods | D45: L-009 | E45: Day | F45: 1 | G45: ='Basic Rates'!$J$12 -> 3500 | H45: =G45*F45 -> 3500
B46: 1.0700001 | C46: Carpenter - making holes, fixing joists & making goods | D46: L-008 | E46: Day | F46: 1 | G46: ='Basic Rates'!$J$11 -> 3500 | H46: =G46*F46 -> 3500
B47: 1.08 | C47: U / SK Labourer - making holes, fixing joists & making goods | D47: L-007 | E47: Day | F47: 3 | G47: ='Basic Rates'!$J$10 -> 2300 | H47: =G47*F47 -> 6900
B48: 1.09 | C48: Carpenter - Fixing ceiling boards | D48: L-008 | E48: Day | F48: 3 | G48: ='Basic Rates'!$J$11 -> 3500 | H48: =G48*F48 -> 10500
B49: 1.1 | C49: U / SK Labourer - Fixing ceiling boards | D49: L-007 | E49: Day | F49: 4 | G49: ='Basic Rates'!$J$10 -> 2300 | H49: =G49*F49 -> 9200
B50: 1.11 | C50: Allow 3% of Items (1.06, 1.07, 1.08, 1.09, 1.10) for Scaffolding | D50: - | E50: - | F50: - | G50: - | H50: =(H45+H46+H47+H48+H49)*3/100 -> 1008
D51: Total for | E51: =$F$38 -> 1.95 | F51: =$G$38 -> Sqrs | H51: =SUM(H40:H50) -> 49328.329
D52: Rate for 1 | E52: =$G$38 -> Sqrs | H52: =H51/F38 -> 25296.579
D53: Rate(Say) | H53: =ROUND(H52,0) -> 25297
A55: 15.04 | C55: 3/4" X 6" wide tongued and grooved Lunumidella ceiling boards fixed to underside of roof rafters. (Existing) with 1 1/2" brass nails including levelling with timber strips where necessary
E56: Analysis for | F56: 1.8 | G56: Sq
B57: No | C57: Item Description | D57: Item Ref | E57: Unit | F57: Quantity | G57: Rate | H57: Amount
B58: 1.01 | C58: 6" x 3/4" Lunumidella Ceiling Planks. | D58: M-135 | E58: Sq.ft | F58: 220 | G58: ='Basic Rates'!E138 -> 28 | H58: =G58*F58 -> 6160
B59: 1.02 | C59: 2" X 1/4" Timber Strips | D59: M-150 | E59: L.ft | F59: 40 | G59: ='Basic Rates'!E154 -> 5 | H59: =G59*F59 -> 200
B60: 1.03 | C60: 3/4" Nails | D60: M-073 | E60: Lbs | F60: 4.5 | G60: ='Basic Rates'!E76 -> 20 | H60: =G60*F60 -> 90
B61: 1.04 | C61: 1 1/2" Brass Nails | D61: M-012 | E61: Lbs | F61: =4/0.454 -> 8.8105727 | G61: ='Basic Rates'!E15 -> 50 | H61: =G61*F61 -> 440.52863
B62: 1.05 | C62: Carpenter | D62: L-008 | E62: Day | F62: 3 | G62: ='Basic Rates'!$J$11 -> 3500 | H62: =G62*F62 -> 10500
B63: 1.0599999 | C63: U / SK Labourer | D63: L-007 | E63: Day | F63: 6 | G63: ='Basic Rates'!$J$10 -> 2300 | H63: =G63*F63 -> 13800
B64: 1.0700001 | C64: Allow 3% of Items ( 1.05, 1.06 ) for Scaffolding | D64: - | E64: - | F64: - | G64: - | H64: =(H62+H63)*3/100 -> 729
D65: Total for | E65: =$F$56 -> 1.8 | F65: =$G$56 -> Sq | H65: =SUM(H58:H64) -> 31919.529
D66: Rate for 1 | E66: =$G$56 -> Sq | H66: =H65/F56 -> 17733.071
D67: Rate(Say) | H67: =ROUND(H66,0) -> 17733

Sheet 16
A2: 16. Painting
B4: A. | C4: Wall
B5: B. | C5: Sofit
B6: C. | C6: Wood
B7: Anti-Termite treatment on excavated foundation and compacted soil under floors. | C7: Steel
D8: Wall
A10: 16.A.01 | C10: Preparing and apply one coat of Alkali resistant primer and two coats of emulsion paint to walls.
E11: Analysis for | F11: 1 | G11: Sqr
B12: No | C12: Item Description | D12: Item Ref | E12: Unit | F12: Quantity | G12: Rate | H12: Amount
B13: 1.01 | C13: Primer | D13: M-075 | E13: litre | F13: 0.9 | G13: ='Basic Rates'!E78 -> 805 | H13: =G13*F13 -> 724.5
B14: 1.02 | C14: Emulsion Paint | D14: M-043 | E14: litre | F14: 1.4 | G14: ='Basic Rates'!E46 -> 2670 | H14: =G14*F14 -> 3738 | J14: =32000/20 -> 1600
B15: 1.03 | C15: Water | D15: M-157 | E15: Gal | F15: 0.1 | G15: ='Basic Rates'!$E$161 -> 0.3 | H15: =G15*F15 -> 0.03
B16: 1.04 | C16: 6" Brush | D16: M-021 | E16: No | F16: 0.1 | G16: ='Basic Rates'!$E$24 -> 2350 | H16: =G16*F16 -> 235
B17: 1.05 | C17: Sand Papers | D17: M-114 | E17: Sheet | F17: 2 | G17: ='Basic Rates'!$E$117 -> 250 | H17: =G17*F17 -> 500
B18: 1.0599999 | C18: Painter | D18: L-001 | E18: Day | F18: 1.25 | G18: ='Basic Rates'!$J$4 -> 4000 | H18: =G18*F18 -> 5000
B19: 1.0699999 | C19: Allow 3% of Items (1.06) for Scaffolding | D19: - | E19: - | F19: - | G19: - | H19: =(H18)*3/100 -> 150
D20: Total for | E20: =$F$11 -> 1 | F20: =$G$11 -> Sqr | H20: =SUM(H13:H19) -> 10347.53
D21: Rate for 1 | E21: =$G$11 -> Sqr | H21: =H20/E20 -> 10347.53
D22: Rate(Say) | G22: 1 Sq | H22: =ROUND(H21,0) -> 10348
D23: Rate(Say) | G23: 1ft2 | H23: =H22/100 -> 103.48
D24: Rate(Say) | G24: 1m2 | H24: =H23*10.76 -> 1113.4448
D25: Ground floor | G25: 1m2 | H25: =H24 -> 1113.4448
D26: First Floor | G26: 1m2 | H26: =H25*1.1 -> 1224.7893
D27: Second Floor | G27: 1m2 | H27: =H26*1.1 -> 1347.2682
D28: Third Floor | G28: 1m2 | H28: =H27*1.1 -> 1481.995
A30: 16.A.02 | C30: Painting walls with emulsion paint (2 Coats)
E31: Analysis for | F31: 1 | G31: Sqr
B32: No | C32: Item Description | D32: Item Ref | E32: Unit | F32: Quantity | G32: Rate | H32: Amount
B33: 1.01 | C33: Emulsion Paint - first coat | D33: M-043 | E33: litre | F33: 0.757 | G33: ='Basic Rates'!$E$46 -> 2670 | H33: =G33*F33 -> 2021.19
B34: 1.02 | C34: Emulsion Paint - Second coat | D34: M-043 | E34: litre | F34: 0.649 | G34: ='Basic Rates'!$E$46 -> 2670 | H34: =G34*F34 -> 1732.83
B35: 1.03 | C35: 6" Brush | D35: M-021 | E35: No | F35: 0.1 | G35: ='Basic Rates'!E24 -> 2350 | H35: =G35*F35 -> 235
B36: 1.04 | C36: Water | D36: M-157 | E36: Gal | F36: 0.1 | G36: ='Basic Rates'!$E$161 -> 0.3 | H36: =G36*F36 -> 0.03
B37: 1.05 | C37: Painter | D37: L-001 | E37: Day | F37: 0.75 | G37: ='Basic Rates'!$J$4 -> 4000 | H37: =G37*F37 -> 3000
B38: 1.0599999 | C38: Allow 3% of Items (1.05 ) for Scaffolding | D38: - | E38: - | F38: - | G38: - | H38: =(H37)*3/100 -> 90
D39: Total for | E39: =$F$31 -> 1 | F39: =$G$31 -> Sqr | H39: =SUM(H33:H38) -> 7079.05
D40: Rate for 1 | E40: =$G$31 -> Sqr | H40: =H39/E39 -> 7079.05
D41: Rate(Say) | G41: 1 Sq | H41: =ROUND(H40,0) -> 7079
D42: Rate(Say) | G42: 1ft2 | H42: =H41/100 -> 70.79
D43: Rate(Say) | G43: 1m2 | H43: =H42*10.76 -> 761.7004
D44: Ground floor | G44: 1m2 | H44: =H43 -> 761.7004
D45: First Floor | G45: 1m2 | H45: =H44*1.1 -> 837.87044
D46: Second Floor | G46: 1m2 | H46: =H45*1.1 -> 921.65748
D47: Third Floor | G47: 1m2 | H47: =H46*1.1 -> 1013.8232
A49: 16.A.03 | C49: White or colourwashing two coats in single storey
E50: Analysis for | F50: 10 | G50: Sqr
B51: No | C51: Item Description | D51: Item Ref | E51: Unit | F51: Quantity | G51: Rate | H51: Amount
B52: 1.01 | C52: Boild Lime | D52: M-009 | E52: Cwt | F52: 0.5 | G52: ='Basic Rates'!$E$12 -> 300 | H52: 150
B53: 1.02 | C53: Salt | D53: M-112 | E53: Lbs | F53: 2 | G53: ='Basic Rates'!$E$115 -> 10 | H53: 20
B54: 1.03 | C54: Yellow Ochre | D54: M-166 | E54: Lbs | F54: 0.5 | G54: ='Basic Rates'!$E$170 -> 15 | H54: 7.5
B55: 1.04 | C55: Blue | D55: M-008 | E55: Ozs | F55: 2 | G55: ='Basic Rates'!$E$11 -> 10 | H55: 20
B56: 1.05 | C56: 6" Brush | D56: M-021 | E56: No | F56: 0.333 | G56: ='Basic Rates'!$E$24 -> 2350 | H56: 165.83
B57: 1.0599999 | C57: Water | D57: M-157 | E57: Gal | F57: 10 | G57: ='Basic Rates'!$E$161 -> 0.3 | H57: 3
B58: 1.0700001 | C58: Painter | D58: L-001 | E58: Day | F58: 2.5 | G58: ='Basic Rates'!$J$4 -> 4000 | H58: 687.5
B59: 1.08 | C59: U / SK Labourer | D59: L-007 | E59: Day | F59: 2.5 | G59: ='Basic Rates'!$J$10 -> 2300 | H59: 500
B60: 1.09 | C60: Allow 3% of Items (1.07, 1.08 ) for Scaffolding | D60: - | E60: - | F60: - | G60: - | H60: =(H58+H59)*3/100 -> 35.625
D61: Total for | E61: =$F$50 -> 10 | F61: =$G$50 -> Sqr | H61: =SUM(H52:H60) -> 1589.455
D62: Rate for 1 | E62: =$G$50 -> Sqr | H62: =H61/E61 -> 158.9455
D63: Rate(Say) | G63: 1 Sq | H63: =ROUND(H62,0) -> 159
D64: Rate(Say) | G64: 1ft2 | H64: =H63/100 -> 1.59
D65: Rate(Say) | G65: 1m2 | H65: =H64*10.76 -> 17.1084
A67: 16.A.04 | C67: White or colourwashing two coats in two storeyed building
E68: Analysis for | F68: 10 | G68: Sqr
B69: No | C69: Item Description | D69: Item Ref | E69: Unit | F69: Quantity | G69: Rate | H69: Amount
B70: 1.01 | C70: Boild Lime | D70: M-009 | E70: Cwt | F70: 0.5 | G70: ='Basic Rates'!$E$12 -> 300 | H70: =G70*F70 -> 150
B71: 1.02 | C71: Salt | D71: M-112 | E71: Lbs | F71: 2 | G71: ='Basic Rates'!$E$115 -> 10 | H71: =G71*F71 -> 20
B72: 1.03 | C72: Yellow Ochre | D72: M-166 | E72: Lbs | F72: 0.5 | G72: ='Basic Rates'!$E$170 -> 15 | H72: =G72*F72 -> 7.5
B73: 1.04 | C73: Blue | D73: M-008 | E73: Ozs | F73: 2 | G73: ='Basic Rates'!$E$11 -> 10 | H73: =G73*F73 -> 20
B74: 1.05 | C74: 6" Brush | D74: M-021 | E74: No | F74: 0.333 | G74: ='Basic Rates'!$E$24 -> 2350 | H74: =G74*F74 -> 782.55
B75: 1.0599999 | C75: Water | D75: M-157 | E75: Gal | F75: 10 | G75: ='Basic Rates'!$E$161 -> 0.3 | H75: =G75*F75 -> 3
B76: 1.0700001 | C76: Painter | D76: L-001 | E76: Day | F76: 3 | G76: ='Basic Rates'!$J$4 -> 4000 | H76: =G76*F76 -> 12000
B77: 1.08 | C77: U / SK Labourer | D77: L-007 | E77: Day | F77: 3 | G77: ='Basic Rates'!$J$10 -> 2300 | H77: =G77*F77 -> 6900
B78: 1.09 | C78: Allow 3% of Items (1.07, 1.08 ) for Scaffolding | D78: - | E78: - | F78: - | G78: - | H78: =(H76+H77)*3/100 -> 567
D79: Total for | E79: =$F$68 -> 10 | F79: =$G$68 -> Sqr | H79: =SUM(H70:H78) -> 20450.05
D80: Rate for 1 | E80: =$G$68 -> Sqr | H80: =H79/E79 -> 2045.005
D81: Rate(Say) | G81: 1 Sqr | H81: =ROUND(H80,0) -> 2045
D82: Rate(Say) | G82: 1ft2 | H82: =H81/100 -> 20.45
D83: Rate(Say) | G83: 1m2 | H83: =H82*10.76 -> 220.042
A85: 16.A.05 | C85: Cement washing to walls of single storyed building 2 coats
E86: Analysis for | F86: 10 | G86: Sqr
B87: No | C87: Item Description | D87: Item Ref | E87: Unit | F87: Quantity | G87: Rate | H87: Amount
B88: 1.01 | C88: Cement | D88: M-026 | E88: Bag | F88: 0.625 | G88: ='Basic Rates'!E29 -> 2400 | H88: =G88*F88 -> 1500
B89: 1.02 | C89: 6" Coir Brush | D89: M-034 | E89: No | F89: 1 | G89: ='Basic Rates'!E37 -> 45 | H89: =G89*F89 -> 45
B90: 1.03 | C90: Water | D90: M-157 | E90: Gal | F90: 5 | G90: ='Basic Rates'!$E$161 -> 0.3 | H90: =G90*F90 -> 1.5
B91: 1.04 | C91: Painter | D91: L-001 | E91: Day | F91: 2 | G91: ='Basic Rates'!$J$4 -> 4000 | H91: =G91*F91 -> 8000
B92: 1.05 | C92: U / SK Labourer | D92: L-007 | E92: Day | F92: 2 | G92: ='Basic Rates'!$J$10 -> 2300 | H92: =G92*F92 -> 4600
B93: 1.0599999 | C93: Allow 3% of Items ( 1.04, 1.05 ) for Scaffolding | D93: - | E93: - | F93: - | G93: - | H93: =(H91+H92)*3/100 -> 378
D94: Total for | E94: =$F$86 -> 10 | F94: =$G$86 -> Sqr | H94: =SUM(H88:H93) -> 14524.5
D95: Rate for 1 | E95: =$G$86 -> Sqr | H95: =H94/E94 -> 1452.45
D96: Rate(Say) | G96: 1 Sq | H96: =ROUND(H95,0) -> 1452
D97: Rate(Say) | G97: 1ft2 | H97: =H96/100 -> 14.52
D98: Rate(Say) | G98: 1m2 | H98: =H97*10.76 -> 156.2352
D99: Ground floor | G99: 1m2 | H99: =H98 -> 156.2352
D100: First Floor | G100: 1m2 | H100: =H99*1.1 -> 171.85872
D101: Second Floor | G101: 1m2 | H101: =H100*1.1 -> 189.04459
D102: Third Floor | G102: 1m2 | H102: =H101*1.1 -> 207.94905
A104: Soffit
A106: 16.B.01 | C106: Preparing and apply one coat of alkali resistant primer and two coats of emulsion paint to soffit of slabs
E107: Analysis for | F107: 1 | G107: Sq
B108: No | C108: Item Description | D108: Item Ref | E108: Unit | F108: Quantity | G108: Rate | H108: Amount
B109: 1.01 | C109: Primer | D109: M-075 | E109: litre | F109: 0.9 | G109: ='Basic Rates'!$E$78 -> 805 | H109: =G109*F109 -> 724.5
...
