Workbook

Sheet Cashflow
A1: PROPOSED HOUSE FOR <CLIENT NAME>
A4: CASHFLOW
A5: ITEM | B5: STAGES | C5: AMOUNT | D5: START | E5: COMPLETION | F5: SETTLED | G5: OUTSTANDING
A6: 1 | B6: STAGE-01 | G6: =IF(C6="","",C6-F6)
A7: 2 | B7: STAGE-02 | G7: =IF(C7="","",C7-F7)
A8: 3 | B8: STAGE-03 | G8: =IF(C8="","",C8-F8)
A9: 4 | B9: STAGE-04 | G9: =IF(C9="","",C9-F9)
B11: TOTAL AMOUNT | C11: =SUM(C6:C9) | F11: =SUM(F6:F9) | G11: =SUM(G6:G9)

Sheet Stagewise Payments
A1: PROPOSED HOUSE FOR <CLIENT NAME>
A3: STAGEWISE PAYMENTS
A4: PAYMENT NO | B4: PAYMENT TYPE | C4: PERCENTAGE | D4: STAGE-01 | E4: STAGE-02 | F4: STAGE-03 | G4: STAGE-04
A5: 1 | B5: ADVANCE PAYMENT | C5: 0.5 | D5: =$C5*Cashflow!C6 | E5: =$C5*Cashflow!C7 | F5: =$C5*Cashflow!C8 | G5: =$C5*Cashflow!C9
A6: 2 | B6: INTERIM PAYMENT | C6: 0.25 | D6: =$C6*Cashflow!C6 | E6: =$C6*Cashflow!C7 | F6: =$C6*Cashflow!C8 | G6: =$C6*Cashflow!C9
A7: 3 | B7: FINAL PAYMENT | C7: 0.25 | D7: =$C7*Cashflow!C6 | E7: =$C7*Cashflow!C7 | F7: =$C7*Cashflow!C8 | G7: =$C7*Cashflow!C9
B8: TOTAL | C8: =SUM(C5:C7) | D8: =SUM(D5:D7) | E8: =SUM(E5:E7) | F8: =SUM(F5:F7) | G8: =SUM(G5:G7)
